"ESCALA","CONSIGNATARI_23","DATA_ENTRADA_PREVISTA_23","DATA_SORTIDA_PREVISTA_23","DATA_HORA_ENTRADA_23","DATA_HORA_SORTIDA_23"
"31497",MARITIMA DEL MEDITERRANEO SA,2022-01-14 14:24:00.000,2022-01-16 20:00:00.000,2022-01-14 14:24:00.000,2022-01-17 03:42:00.000
"31500",MARITIMA DEL MEDITERRANEO SA,2022-01-15 23:00:00.000,2022-01-16 14:00:00.000,2022-01-16 02:41:00.000,2022-01-16 18:26:00.000
"31510",MEDITERRANEAN SHIPPING COM ESPANA S,2022-01-24 16:00:00.000,2022-01-25 16:00:00.000,2022-01-24 15:47:00.000,2022-01-25 03:19:00.000
"31533",MEDITERRANEAN SHIPPING COM ESPANA S,2022-01-23 12:00:00.000,2022-01-24 03:00:00.000,2022-01-23 18:35:00.000,2022-01-24 07:43:00.000
"31534",MEDITERRANEAN SHIPPING COM ESPANA S,2022-01-29 06:00:00.000,2022-01-29 23:42:00.000,2022-01-29 23:40:00.000,2022-01-30 17:38:00.000
"31535",MEDITERRANEAN SHIPPING COM ESPANA S,2022-02-21 12:00:00.000,2022-02-22 19:30:00.000,2022-02-21 23:35:00.000,2022-02-22 19:39:00.000
"31546",WEC LINES ESPANA SLU,2022-01-15 19:00:00.000,2022-01-16 05:00:00.000,2022-01-15 20:35:00.000,2022-01-16 05:52:00.000
"31557",MEDITERRANEAN SHIPPING COM ESPANA S,2022-01-09 22:00:00.000,2022-01-10 08:00:00.000,2022-01-09 15:10:00.000,2022-01-09 20:16:00.000
"31613",CMA CGM IBERICA SAU,2022-01-16 06:00:00.000,2022-01-16 20:00:00.000,2022-01-16 13:21:00.000,2022-01-16 23:52:00.000
"31649",MEDITERRANEAN SHIPPING COM ESPANA S,2022-01-15 06:00:00.000,2022-01-15 20:00:00.000,2022-01-15 06:47:00.000,2022-01-15 19:08:00.000
"31658",MARITIMA DEL MEDITERRANEO SA,2022-01-23 18:00:00.000,2022-01-24 08:00:00.000,2022-01-23 17:38:00.000,2022-01-24 19:31:00.000
"31675",MEDITERRANEAN SHIPPING COM ESPANA S,2022-01-26 06:00:00.000,2022-01-27 06:00:00.000,2022-01-26 08:20:00.000,2022-01-27 08:23:00.000
"31677",MEDITERRANEAN SHIPPING COM ESPANA S,2022-02-09 01:00:00.000,2022-02-09 20:00:00.000,2022-02-09 08:13:00.000,2022-02-10 07:16:00.000
"31689",WEC LINES ESPANA SLU,2022-01-21 07:00:00.000,2022-01-22 05:00:00.000,2022-01-21 21:41:00.000,2022-01-22 12:22:00.000
"31718",CMA CGM IBERICA SAU,2022-02-03 06:00:00.000,2022-02-03 20:00:00.000,2022-02-03 00:42:00.000,2022-02-03 07:45:00.000
"31768",MARITIMA DEL MEDITERRANEO SA,2022-01-26 06:00:00.000,2022-01-26 20:00:00.000,2022-01-26 06:04:00.000,2022-01-27 01:14:00.000
"31788",CMA CGM IBERICA SAU,2022-01-29 06:00:00.000,2022-01-31 20:00:00.000,2022-01-29 07:19:00.000,2022-01-31 23:20:00.000
"31790",CMA CGM IBERICA SAU,2022-02-11 12:00:00.000,2022-02-11 20:00:00.000,2022-02-11 12:04:00.000,2022-02-12 08:52:00.000
"31791",CMA CGM IBERICA SAU,2022-02-18 17:00:00.000,2022-02-19 14:00:00.000,2022-02-19 00:02:00.000,2022-02-19 18:22:00.000
"31794",ARKAS SPAIN SA,2022-02-19 10:00:00.000,2022-02-20 02:00:00.000,2022-02-19 12:47:00.000,2022-02-20 00:12:00.000
"31812",MEDITERRANEAN SHIPPING COM ESPANA S,2022-02-11 01:00:00.000,2022-02-11 17:00:00.000,2022-02-11 04:54:00.000,2022-02-11 15:12:00.000
"31813",MEDITERRANEAN SHIPPING COM ESPANA S,2022-02-02 12:00:00.000,2022-02-03 02:12:00.000,2022-02-03 02:10:00.000,2022-02-03 19:35:00.000
"31843",MARITIMA DEL MEDITERRANEO SA,2022-01-31 01:00:00.000,2022-01-31 08:00:00.000,2022-01-31 00:31:00.000,2022-01-31 11:35:00.000
"31845",MARITIMA DEL MEDITERRANEO SA,2022-01-29 06:00:00.000,2022-01-29 20:00:00.000,2022-01-29 12:29:00.000,2022-01-29 21:42:00.000
"31848",MEDITERRANEAN SHIPPING COM ESPANA S,2022-01-29 12:00:00.000,2022-01-30 14:00:00.000,2022-01-30 13:21:00.000,2022-01-30 20:11:00.000
"31851",MEDITERRANEAN SHIPPING COM ESPANA S,2022-02-04 01:00:00.000,2022-02-05 01:00:00.000,2022-02-04 00:05:00.000,2022-02-04 15:47:00.000
"31853",MEDITERRANEAN SHIPPING COM ESPANA S,2022-02-16 01:00:00.000,2022-02-16 20:00:00.000,2022-02-16 01:42:00.000,2022-02-16 23:33:00.000
"31855",MEDITERRANEAN SHIPPING COM ESPANA S,2022-02-06 18:00:00.000,2022-02-10 14:00:00.000,2022-02-06 18:07:00.000,2022-02-10 04:06:00.000
"31862",MEDITERRANEAN SHIPPING COM ESPANA S,2022-01-28 06:00:00.000,2022-01-29 14:00:00.000,2022-01-28 09:53:00.000,2022-01-29 11:34:00.000
"31864",CMA CGM IBERICA SAU,2022-03-11 12:00:00.000,2022-03-12 02:00:00.000,2022-03-11 12:20:00.000,2022-03-11 19:55:00.000
"31868",CMA CGM IBERICA SAU,2022-03-13 18:00:00.000,2022-03-14 08:00:00.000,2022-03-13 13:36:00.000,2022-03-17 00:20:00.000
"31869",CMA CGM IBERICA SAU,2022-03-29 06:00:00.000,2022-03-30 08:00:00.000,2022-03-29 16:05:00.000,2022-03-30 23:58:00.000
"31883",A PEREZ Y CIA SL,2022-03-26 23:00:00.000,2022-03-28 10:32:00.000,2022-03-28 10:30:00.000,2022-03-29 10:46:00.000
"31892",MEDITERRANEAN SHIPPING COM ESPANA S,2022-01-30 18:00:00.000,2022-01-31 14:00:00.000,2022-01-31 05:10:00.000,2022-02-01 22:20:00.000
"31901",WEC LINES ESPANA SLU,2022-01-28 16:00:00.000,2022-01-29 02:00:00.000,2022-01-28 20:05:00.000,2022-01-29 05:44:00.000
"31918",CMA CGM IBERICA SAU,2022-02-14 05:00:00.000,2022-02-14 23:20:00.000,2022-02-14 23:18:00.000,2022-02-15 07:54:00.000
"31941",MARITIMA DEL MEDITERRANEO SA,2022-01-30 23:00:00.000,2022-01-31 08:00:00.000,2022-01-31 03:37:00.000,2022-02-01 05:33:00.000
"31974",MARITIMA DEL MEDITERRANEO SA,2022-01-28 18:00:00.000,2022-01-31 02:00:00.000,2022-01-28 20:24:00.000,2022-01-29 13:42:00.000
"31989",WEC LINES ESPANA SLU,2022-02-04 01:00:00.000,2022-02-04 23:00:00.000,2022-02-04 05:28:00.000,2022-02-04 23:23:00.000
"32007",MEDITERRANEAN SHIPPING COM ESPANA S,2022-01-27 02:00:00.000,2022-01-27 15:00:00.000,2022-01-27 04:56:00.000,2022-01-27 21:44:00.000
"32042",AGENCIA MARITIMA ESPANOLA EVGE SA,2022-02-04 12:00:00.000,2022-02-05 03:00:00.000,2022-02-04 17:35:00.000,2022-02-05 06:40:00.000
"32050",MARITIMA DEL MEDITERRANEO SA,2022-02-09 18:00:00.000,2022-02-10 12:00:00.000,2022-02-10 06:10:00.000,2022-02-11 00:45:00.000
"32052",MARITIMA DEL MEDITERRANEO SA,2022-02-06 06:00:00.000,2022-02-06 20:00:00.000,2022-02-06 07:32:00.000,2022-02-06 16:38:00.000
"32055",SOLUCIONES INTEGRALES MARITIMAS SLU,2022-02-04 02:00:00.000,2022-02-04 20:00:00.000,2022-02-04 01:12:00.000,2022-02-04 19:02:00.000
"32071",CMA CGM IBERICA SAU,2022-01-31 19:00:00.000,2022-02-01 08:00:00.000,2022-01-31 20:34:00.000,2022-02-01 16:37:00.000
"32073",MEDITERRANEAN SHIPPING COM ESPANA S,2022-02-14 17:00:00.000,2022-02-15 12:00:00.000,2022-02-15 02:27:00.000,2022-02-15 20:55:00.000
"32074",MEDITERRANEAN SHIPPING COM ESPANA S,2022-02-12 06:00:00.000,2022-02-16 02:00:00.000,2022-02-12 10:33:00.000,2022-02-15 00:29:00.000
"32075",MEDITERRANEAN SHIPPING COM ESPANA S,2022-02-15 12:00:00.000,2022-02-16 06:00:00.000,2022-02-15 12:01:00.000,2022-02-15 23:00:00.000
"32076",MEDITERRANEAN SHIPPING COM ESPANA S,2022-02-12 01:00:00.000,2022-02-13 02:00:00.000,2022-02-11 23:39:00.000,2022-02-13 03:00:00.000
"32077",MEDITERRANEAN SHIPPING COM ESPANA S,2022-02-15 18:00:00.000,2022-02-16 02:00:00.000,2022-02-15 19:41:00.000,2022-02-16 04:27:00.000
"32078",MEDITERRANEAN SHIPPING COM ESPANA S,2022-02-19 13:00:00.000,2022-02-20 06:00:00.000,2022-02-19 22:00:00.000,2022-02-20 06:54:00.000
"32079",MEDITERRANEAN SHIPPING COM ESPANA S,2022-02-17 17:00:00.000,2022-02-21 06:00:00.000,2022-02-17 21:42:00.000,2022-02-21 04:01:00.000
"32080",MEDITERRANEAN SHIPPING COM ESPANA S,2022-02-14 06:00:00.000,2022-02-14 20:00:00.000,2022-02-14 07:00:00.000,2022-02-14 19:36:00.000
"32099",MEDITERRANEAN SHIPPING COM ESPANA S,2022-02-03 06:00:00.000,2022-02-03 14:00:00.000,2022-02-03 08:39:00.000,2022-02-03 13:06:00.000
"32109",MEDITERRANEAN SHIPPING COM ESPANA S,2022-02-09 17:58:00.000,2022-02-10 14:00:00.000,2022-02-09 17:58:00.000,2022-02-10 20:43:00.000
"32216",MEDITERRANEAN SHIPPING COM ESPANA S,2022-02-15 18:00:00.000,2022-02-16 21:21:00.000,2022-02-15 22:24:00.000,2022-02-18 13:45:00.000
"32218",MEDITERRANEAN SHIPPING COM ESPANA S,2022-02-19 12:00:00.000,2022-02-20 16:00:00.000,2022-02-20 02:33:00.000,2022-02-21 04:58:00.000
"32246",WEC LINES ESPANA SLU,2022-02-11 01:00:00.000,2022-02-11 23:00:00.000,2022-02-11 06:02:00.000,2022-02-11 22:42:00.000
"32249",CMA CGM IBERICA SAU,2022-02-26 07:00:00.000,2022-02-27 02:00:00.000,2022-02-26 06:40:00.000,2022-02-27 00:28:00.000
"32250",CMA CGM IBERICA SAU,2022-03-14 06:00:00.000,2022-03-14 23:00:00.000,2022-03-14 13:34:00.000,2022-03-15 07:47:00.000
"32257",ORIENT OVERSEAS CONTAINER LINE SPAI,2022-02-24 18:00:00.000,2022-02-25 18:00:00.000,2022-02-24 19:49:00.000,2022-02-26 07:16:00.000
"32259",MARITIMA DEL MEDITERRANEO SA,2022-02-12 05:00:00.000,2022-02-12 17:00:00.000,2022-02-12 08:16:00.000,2022-02-12 16:17:00.000
"32278",CMA CGM IBERICA SAU,2022-02-12 10:00:00.000,2022-02-13 02:00:00.000,2022-02-12 12:39:00.000,2022-02-13 00:16:00.000
"32283",CMA CGM IBERICA SAU,2022-03-05 10:00:00.000,2022-03-06 08:00:00.000,2022-03-05 13:25:00.000,2022-03-06 12:42:00.000
"32286",MEDITERRANEAN SHIPPING COM ESPANA S,2022-02-17 12:00:00.000,2022-02-18 08:00:00.000,2022-02-17 12:43:00.000,2022-02-19 00:45:00.000
"32287",CMA CGM IBERICA SAU,2022-03-17 19:00:00.000,2022-03-20 09:36:00.000,2022-03-20 09:34:00.000,2022-03-20 23:06:00.000
"32289",MEDITERRANEAN SHIPPING COM ESPANA S,2022-02-22 21:00:00.000,2022-02-26 08:00:00.000,2022-02-22 23:23:00.000,2022-02-26 02:09:00.000
"32290",MEDITERRANEAN SHIPPING COM ESPANA S,2022-02-27 16:00:00.000,2022-02-28 06:00:00.000,2022-02-28 02:31:00.000,2022-02-28 16:20:00.000
"32293",MEDITERRANEAN SHIPPING COM ESPANA S,2022-02-23 06:00:00.000,2022-02-23 23:00:00.000,2022-02-23 08:13:00.000,2022-02-24 02:08:00.000
"32354",MEDITERRANEAN SHIPPING COM ESPANA S,2022-02-15 18:00:00.000,2022-02-16 08:00:00.000,2022-02-16 01:02:00.000,2022-02-16 11:45:00.000
"32384",MEDITERRANEAN SHIPPING COM ESPANA S,2022-03-01 12:00:00.000,2022-03-02 01:00:00.000,2022-03-01 11:24:00.000,2022-03-02 06:38:00.000
"32391",MARITIMA DEL MEDITERRANEO SA,2022-02-16 11:00:00.000,2022-02-16 22:17:00.000,2022-02-16 22:15:00.000,2022-02-17 18:03:00.000
"32393",MARITIMA DEL MEDITERRANEO SA,2022-03-04 18:00:00.000,2022-03-05 06:00:00.000,2022-03-04 20:18:00.000,2022-03-05 11:09:00.000
"32401",MEDITERRANEAN SHIPPING COM ESPANA S,2022-02-09 19:00:00.000,2022-02-10 15:00:00.000,2022-02-10 09:15:00.000,2022-02-10 20:23:00.000
"32430",CMA CGM IBERICA SAU,2022-02-28 17:00:00.000,2022-03-01 08:00:00.000,2022-02-28 20:21:00.000,2022-03-01 08:57:00.000
"32444",CMA CGM IBERICA SAU,2022-03-07 01:00:00.000,2022-03-08 02:00:00.000,2022-03-07 00:31:00.000,2022-03-08 16:47:00.000
"32448",MARITIMA DEL MEDITERRANEO SA,2022-02-23 18:00:00.000,2022-02-24 02:00:00.000,2022-02-23 23:39:00.000,2022-02-24 17:16:00.000
"32451",MARITIMA DEL MEDITERRANEO SA,2022-03-02 06:00:00.000,2022-03-03 02:00:00.000,2022-03-02 08:27:00.000,2022-03-03 15:25:00.000
"32465",CMA CGM IBERICA SAU,2022-03-25 23:00:00.000,2022-03-27 21:00:00.000,2022-03-27 03:27:00.000,2022-03-29 17:11:00.000
"32478",WEC LINES ESPANA SLU,2022-02-18 01:00:00.000,2022-02-18 23:00:00.000,2022-02-18 05:23:00.000,2022-02-18 21:31:00.000
"32479",CMA CGM IBERICA SAU,2022-03-17 12:00:00.000,2022-03-17 22:00:00.000,2022-03-19 01:40:00.000,2022-03-19 10:30:00.000
"32481",MEDITERRANEAN SHIPPING COM ESPANA S,2022-02-21 06:00:00.000,2022-02-21 20:02:00.000,2022-02-21 16:01:00.000,2022-02-22 16:24:00.000
"32482",MEDITERRANEAN SHIPPING COM ESPANA S,2022-02-28 06:00:00.000,2022-02-28 20:00:00.000,2022-02-28 14:46:00.000,2022-03-01 07:42:00.000
"32483",MEDITERRANEAN SHIPPING COM ESPANA S,2022-03-01 18:00:00.000,2022-03-05 13:00:00.000,2022-03-01 18:20:00.000,2022-03-05 11:59:00.000
"32485",MEDITERRANEAN SHIPPING COM ESPANA S,2022-03-06 06:00:00.000,2022-03-07 23:00:00.000,2022-03-06 18:53:00.000,2022-03-07 19:37:00.000
"32486",MEDITERRANEAN SHIPPING COM ESPANA S,2022-03-02 12:00:00.000,2022-03-03 08:00:00.000,2022-03-02 13:19:00.000,2022-03-03 20:54:00.000
"32532",MEDITERRANEAN SHIPPING COM ESPANA S,2022-02-24 12:00:00.000,2022-02-25 00:15:00.000,2022-02-24 16:16:00.000,2022-02-25 06:22:00.000
"32533",MARITIMA DEL MEDITERRANEO SA,2022-02-13 02:00:00.000,2022-02-13 20:00:00.000,2022-02-13 04:16:00.000,2022-02-13 13:03:00.000
"32590",HAPAG LLOYD SPAIN SL,2022-02-28 11:00:00.000,2022-03-01 22:00:00.000,2022-02-28 11:25:00.000,2022-03-01 16:19:00.000
"32641",MEDITERRANEAN SHIPPING COM ESPANA S,2022-03-06 06:00:00.000,2022-03-06 20:00:00.000,2022-03-06 06:14:00.000,2022-03-06 15:29:00.000
"32642",MEDITERRANEAN SHIPPING COM ESPANA S,2022-03-06 06:00:00.000,2022-03-07 02:00:00.000,2022-03-06 07:35:00.000,2022-03-07 01:14:00.000
"32643",MEDITERRANEAN SHIPPING COM ESPANA S,2022-03-10 06:00:00.000,2022-03-11 19:00:00.000,2022-03-10 10:29:00.000,2022-03-12 06:58:00.000
"32644",MEDITERRANEAN SHIPPING COM ESPANA S,2022-03-15 18:00:00.000,2022-03-17 12:53:00.000,2022-03-17 12:51:00.000,2022-03-18 20:23:00.000
"32648",CMA CGM IBERICA SAU,2022-03-04 05:00:00.000,2022-03-04 20:00:00.000,2022-03-04 07:59:00.000,2022-03-04 22:57:00.000
"32652",CMA CGM IBERICA SAU,2022-03-25 15:30:00.000,2022-03-26 12:00:00.000,2022-03-25 18:01:00.000,2022-03-26 23:09:00.000
"32653",CMA CGM IBERICA SAU,2022-04-02 05:00:00.000,2022-04-04 13:55:00.000,2022-04-04 13:53:00.000,2022-04-05 03:01:00.000
"32656",CMA CGM IBERICA SAU,2022-04-12 18:00:00.000,2022-04-13 08:00:00.000,2022-04-12 21:14:00.000,2022-04-13 16:16:00.000
"32703",CMA CGM IBERICA SAU,2022-04-15 04:00:00.000,2022-04-16 14:00:00.000,2022-04-15 13:14:00.000,2022-04-16 22:39:00.000
"32704",CMA CGM IBERICA SAU,2022-04-21 13:00:00.000,2022-04-23 02:00:00.000,2022-04-22 09:21:00.000,2022-04-24 04:25:00.000
"32720",MEDITERRANEAN SHIPPING COM ESPANA S,2022-02-19 01:00:00.000,2022-02-19 15:00:00.000,2022-02-19 11:31:00.000,2022-02-20 00:49:00.000
"32780",MARITIMA DEL MEDITERRANEO SA,2022-03-03 11:00:00.000,2022-03-04 08:00:00.000,2022-03-03 17:34:00.000,2022-03-04 06:48:00.000
"32784",MEDITERRANEAN SHIPPING COM ESPANA S,2022-03-11 18:00:00.000,2022-03-15 08:00:00.000,2022-03-12 09:23:00.000,2022-03-18 00:47:00.000
"32786",MEDITERRANEAN SHIPPING COM ESPANA S,2022-03-09 06:00:00.000,2022-03-10 08:00:00.000,2022-03-09 09:02:00.000,2022-03-10 08:32:00.000
"32788",MEDITERRANEAN SHIPPING COM ESPANA S,2022-03-09 01:00:00.000,2022-03-09 16:00:00.000,2022-03-09 05:59:00.000,2022-03-09 22:58:00.000
"32792",WEC LINES ESPANA SLU,2022-02-27 23:00:00.000,2022-02-28 20:00:00.000,2022-02-28 04:43:00.000,2022-02-28 19:29:00.000
"32810",MARITIMA DEL MEDITERRANEO SA,2022-03-04 22:00:00.000,2022-03-05 16:00:00.000,2022-03-05 01:27:00.000,2022-03-05 23:50:00.000
"32847",MEDITERRANEAN SHIPPING COM ESPANA S,2022-03-01 13:00:00.000,2022-03-02 09:00:00.000,2022-03-01 14:09:00.000,2022-03-02 10:39:00.000
"32849",MARITIMA DEL MEDITERRANEO SA,2022-03-14 17:58:00.000,2022-03-17 13:59:00.000,2022-03-14 18:27:00.000,2022-03-18 04:54:00.000
"32850",MEDITERRANEAN SHIPPING COM ESPANA S,2022-03-24 12:00:00.000,2022-03-26 07:00:00.000,2022-03-25 16:21:00.000,2022-03-26 06:40:00.000
"32855",MEDITERRANEAN SHIPPING COM ESPANA S,2022-03-07 18:00:00.000,2022-03-08 04:00:00.000,2022-03-07 18:21:00.000,2022-03-08 01:53:00.000
"32874",MEDITERRANEAN SHIPPING COM ESPANA S,2022-03-11 17:00:00.000,2022-03-12 15:00:00.000,2022-03-11 16:31:00.000,2022-03-12 17:44:00.000
"32877",MEDITERRANEAN SHIPPING COM ESPANA S,2022-03-19 06:00:00.000,2022-03-22 20:00:00.000,2022-03-20 03:43:00.000,2022-03-22 20:26:00.000
"32879",MEDITERRANEAN SHIPPING COM ESPANA S,2022-03-16 18:00:00.000,2022-03-18 02:52:00.000,2022-03-18 02:50:00.000,2022-03-19 21:06:00.000
"32880",MEDITERRANEAN SHIPPING COM ESPANA S,2022-03-31 01:00:00.000,2022-03-31 14:00:00.000,2022-03-31 04:23:00.000,2022-03-31 18:47:00.000
"32882",MEDITERRANEAN SHIPPING COM ESPANA S,2022-03-20 01:00:00.000,2022-03-20 20:00:00.000,2022-03-20 12:51:00.000,2022-03-21 19:54:00.000
"32894",CMA CGM IBERICA SAU,2022-03-02 05:00:00.000,2022-03-02 14:00:00.000,2022-03-02 08:40:00.000,2022-03-03 03:35:00.000
"32944",WEC LINES ESPANA SLU,2022-03-05 23:00:00.000,2022-03-06 14:00:00.000,2022-03-06 03:34:00.000,2022-03-06 15:05:00.000
"32973",SOLUCIONES INTEGRALES MARITIMAS SLU,2022-03-08 14:00:00.000,2022-03-08 20:00:00.000,2022-03-08 12:59:00.000,2022-03-09 00:25:00.000
"32986",MARITIMA DEL MEDITERRANEO SA,2022-03-12 18:00:00.000,2022-03-13 02:00:00.000,2022-03-12 20:10:00.000,2022-03-13 12:17:00.000
"33022",CMA CGM IBERICA SAU,2022-03-28 01:00:00.000,2022-03-29 20:00:00.000,2022-03-28 03:52:00.000,2022-03-29 15:17:00.000
"33023",CMA CGM IBERICA SAU,2022-05-17 18:00:00.000,2022-05-19 02:00:00.000,2022-05-18 10:48:00.000,2022-05-20 02:14:00.000
"33024",CMA CGM IBERICA SAU,2022-04-16 13:00:00.000,2022-04-17 08:00:00.000,2022-04-16 11:54:00.000,2022-04-17 00:55:00.000
"33025",CMA CGM IBERICA SAU,2022-04-23 12:00:00.000,2022-04-24 08:00:00.000,2022-04-23 21:25:00.000,2022-04-24 15:28:00.000
"33026",MEDITERRANEAN SHIPPING COM ESPANA S,2022-03-20 01:00:00.000,2022-03-23 11:59:00.000,2022-03-23 11:57:00.000,2022-03-25 13:13:00.000
"33027",MEDITERRANEAN SHIPPING COM ESPANA S,2022-03-25 06:00:00.000,2022-03-26 01:00:00.000,2022-03-25 15:49:00.000,2022-03-26 11:00:00.000
"33028",MEDITERRANEAN SHIPPING COM ESPANA S,2022-04-01 01:00:00.000,2022-04-02 02:00:00.000,2022-04-01 05:01:00.000,2022-04-02 13:01:00.000
"33042",MARITIMA DEL MEDITERRANEO SA,2022-03-11 21:00:00.000,2022-03-13 08:00:00.000,2022-03-12 02:32:00.000,2022-03-13 01:01:00.000
"33076",MEDITERRANEAN SHIPPING COM ESPANA S,2022-03-18 23:00:00.000,2022-03-19 20:00:00.000,2022-03-19 17:20:00.000,2022-03-20 08:00:00.000
"33107",MEDITERRANEAN SHIPPING COM ESPANA S,2022-03-22 22:00:00.000,2022-03-26 14:00:00.000,2022-03-24 12:41:00.000,2022-03-29 13:09:00.000
"33125",WEC LINES ESPANA SLU,2022-03-11 01:00:00.000,2022-03-11 23:00:00.000,2022-03-11 06:36:00.000,2022-03-12 00:46:00.000
"33127",WEC LINES ESPANA SLU,2022-03-22 12:00:00.000,2022-03-24 07:29:00.000,2022-03-24 07:27:00.000,2022-03-24 20:15:00.000
"33193",CMA CGM IBERICA SAU,2022-04-14 21:00:00.000,2022-04-15 16:00:00.000,2022-04-15 00:45:00.000,2022-04-15 20:19:00.000
"33198",MEDITERRANEAN SHIPPING COM ESPANA S,2022-03-16 05:58:00.000,2022-03-19 14:00:00.000,2022-03-16 05:58:00.000,2022-03-19 13:12:00.000
"33201",MARITIMA DEL MEDITERRANEO SA,2022-03-18 17:00:00.000,2022-03-19 20:00:00.000,2022-03-19 03:12:00.000,2022-03-19 15:15:00.000
"33204",MARITIMA DEL MEDITERRANEO SA,2022-03-20 15:01:00.000,2022-03-23 03:01:00.000,2022-03-20 15:01:00.000,2022-03-23 15:29:00.000
"33206",MEDITERRANEAN SHIPPING COM ESPANA S,2022-03-24 06:00:00.000,2022-03-24 22:05:00.000,2022-03-24 22:03:00.000,2022-03-25 12:21:00.000
"33207",MEDITERRANEAN SHIPPING COM ESPANA S,2022-03-28 16:00:00.000,2022-03-31 01:49:00.000,2022-03-31 01:47:00.000,2022-04-02 04:02:00.000
"33230",CMA CGM IBERICA SAU,2022-04-03 23:00:00.000,2022-04-04 18:30:00.000,2022-04-04 18:28:00.000,2022-04-05 07:38:00.000
"33254",CMA CGM IBERICA SAU,2022-04-10 01:00:00.000,2022-04-11 10:00:00.000,2022-04-10 10:51:00.000,2022-04-11 23:05:00.000
"33255",CMA CGM IBERICA SAU,2022-05-03 18:00:00.000,2022-05-05 06:00:00.000,2022-05-03 21:02:00.000,2022-05-05 06:25:00.000
"33259",SOLUCIONES INTEGRALES MARITIMAS SLU,2022-03-21 08:00:00.000,2022-03-21 20:00:00.000,2022-03-21 07:35:00.000,2022-03-21 15:38:00.000
"33265",ORIENT OVERSEAS CONTAINER LINE SPAI,2022-04-05 11:30:00.000,2022-04-06 23:30:00.000,2022-04-05 22:01:00.000,2022-04-07 11:26:00.000
"33302",AGENCIA MARITIMA ESPANOLA EVGE SA,2022-04-01 01:00:00.000,2022-04-01 16:21:00.000,2022-04-01 16:19:00.000,2022-04-02 11:07:00.000
"33304",CMA CGM IBERICA SAU,2022-05-02 06:00:00.000,2022-05-02 14:00:00.000,2022-05-01 14:46:00.000,2022-05-02 16:52:00.000
"33320",MEDITERRANEAN SHIPPING COM ESPANA S,2022-03-30 06:00:00.000,2022-03-31 08:00:00.000,2022-03-30 08:31:00.000,2022-03-31 16:26:00.000
"33369",MARITIMA DEL MEDITERRANEO SA,2022-03-30 05:00:00.000,2022-03-31 08:00:00.000,2022-03-30 08:48:00.000,2022-03-31 02:38:00.000
"33376",MEDITERRANEAN SHIPPING COM ESPANA S,2022-03-26 05:58:00.000,2022-03-27 14:20:00.000,2022-03-26 16:07:00.000,2022-03-28 08:24:00.000
"33381",CMA CGM IBERICA SAU,2022-03-25 12:00:00.000,2022-03-25 20:00:00.000,2022-03-25 17:32:00.000,2022-03-26 02:37:00.000
"33391",MEDITERRANEAN SHIPPING COM ESPANA S,2022-03-16 20:00:00.000,2022-03-17 16:00:00.000,2022-03-19 16:19:00.000,2022-03-20 01:45:00.000
"33392",MEDITERRANEAN SHIPPING COM ESPANA S,2022-03-19 18:00:00.000,2022-03-25 15:06:00.000,2022-03-25 15:04:00.000,2022-03-26 11:23:00.000
"33416",MEDITERRANEAN SHIPPING COM ESPANA S,2022-04-09 18:15:00.000,2022-04-10 11:45:00.000,2022-04-09 19:56:00.000,2022-04-10 13:22:00.000
"33418",MEDITERRANEAN SHIPPING COM ESPANA S,2022-04-05 05:00:00.000,2022-04-06 14:00:00.000,2022-04-05 08:50:00.000,2022-04-07 13:07:00.000
"33419",MEDITERRANEAN SHIPPING COM ESPANA S,2022-04-09 00:00:00.000,2022-04-09 16:15:00.000,2022-04-09 04:23:00.000,2022-04-09 16:21:00.000
"33420",WEC LINES ESPANA SLU,2022-03-30 05:00:00.000,2022-03-30 23:00:00.000,2022-03-30 09:48:00.000,2022-03-30 23:21:00.000
"33421",MEDITERRANEAN SHIPPING COM ESPANA S,2022-03-31 14:00:00.000,2022-04-01 08:00:00.000,2022-03-31 18:05:00.000,2022-04-01 14:17:00.000
"33422",MEDITERRANEAN SHIPPING COM ESPANA S,2022-04-02 04:00:00.000,2022-04-06 04:00:00.000,2022-04-02 07:20:00.000,2022-04-05 20:15:00.000
"33424",MEDITERRANEAN SHIPPING COM ESPANA S,2022-04-05 12:00:00.000,2022-04-06 08:00:00.000,2022-04-05 14:01:00.000,2022-04-07 01:27:00.000
"33425",MEDITERRANEAN SHIPPING COM ESPANA S,2022-04-09 01:00:00.000,2022-04-09 20:00:00.000,2022-04-09 01:01:00.000,2022-04-09 17:34:00.000
"33465",CMA CGM IBERICA SAU,2022-03-29 12:00:00.000,2022-03-30 08:00:00.000,2022-03-29 15:09:00.000,2022-03-29 22:54:00.000
"33468",MARITIMA DEL MEDITERRANEO SA,2022-04-07 12:00:00.000,2022-04-12 12:00:00.000,2022-04-07 12:38:00.000,2022-04-13 00:51:00.000
"33474",MEDITERRANEAN SHIPPING COM ESPANA S,2022-03-19 07:00:00.000,2022-03-19 14:00:00.000,2022-03-20 01:10:00.000,2022-03-20 10:41:00.000
"33476",CMA CGM IBERICA SAU,2022-05-31 17:00:00.000,2022-06-01 03:14:00.000,2022-06-01 03:12:00.000,2022-06-02 21:13:00.000
"33520",MARITIMA DEL MEDITERRANEO SA,2022-04-10 16:00:00.000,2022-04-11 14:00:00.000,2022-04-10 21:51:00.000,2022-04-11 14:19:00.000
"33576",MEDITERRANEAN SHIPPING COM ESPANA S,2022-04-09 16:00:00.000,2022-04-13 01:00:00.000,2022-04-09 11:59:00.000,2022-04-13 00:18:00.000
"33579",MEDITERRANEAN SHIPPING COM ESPANA S,2022-04-13 06:00:00.000,2022-04-14 08:00:00.000,2022-04-13 18:04:00.000,2022-04-15 07:25:00.000
"33596",MARITIMA DEL MEDITERRANEO SA,2022-04-03 06:00:00.000,2022-04-03 14:00:00.000,2022-04-03 12:21:00.000,2022-04-03 17:25:00.000
"33597",MEDITERRANEAN SHIPPING COM ESPANA S,2022-04-07 18:00:00.000,2022-04-08 05:15:00.000,2022-04-07 19:41:00.000,2022-04-08 12:32:00.000
"33630",MEDITERRANEAN SHIPPING COM ESPANA S,2022-04-07 00:15:00.000,2022-04-07 15:03:00.000,2022-04-07 15:01:00.000,2022-04-08 08:46:00.000
"33666",HAPAG LLOYD SPAIN SL,2022-04-24 18:00:00.000,2022-04-25 20:00:00.000,2022-04-24 19:54:00.000,2022-04-26 02:26:00.000
"33669",HAPAG LLOYD SPAIN SL,2022-04-28 20:00:00.000,2022-04-30 04:00:00.000,2022-04-29 03:40:00.000,2022-04-30 04:49:00.000
"33677",WEC LINES ESPANA SLU,2022-04-09 05:00:00.000,2022-04-09 21:00:00.000,2022-04-09 06:47:00.000,2022-04-09 18:26:00.000
"33678",WEC LINES ESPANA SLU,2022-04-02 02:00:00.000,2022-04-02 20:00:00.000,2022-04-02 12:26:00.000,2022-04-02 23:54:00.000
"33706",MEDITERRANEAN SHIPPING COM ESPANA S,2022-04-07 00:30:00.000,2022-04-08 10:45:00.000,2022-04-07 17:03:00.000,2022-04-08 08:18:00.000
"33736",MARITIMA DEL MEDITERRANEO SA,2022-03-26 05:00:00.000,2022-03-26 20:00:00.000,2022-03-26 13:03:00.000,2022-03-27 04:15:00.000
"33743",MEDITERRANEAN SHIPPING COM ESPANA S,2022-04-04 06:00:00.000,2022-04-05 02:00:00.000,2022-04-04 06:08:00.000,2022-04-05 06:25:00.000
"33745",SOLUCIONES INTEGRALES MARITIMAS SLU,2022-04-14 08:00:00.000,2022-04-14 20:00:00.000,2022-04-14 07:00:00.000,2022-04-14 23:03:00.000
"33756",MEDITERRANEAN SHIPPING COM ESPANA S,2022-03-29 12:00:00.000,2022-03-30 08:00:00.000,2022-03-29 18:30:00.000,2022-03-30 06:31:00.000
"33785",CMA CGM IBERICA SAU,2022-04-30 10:00:00.000,2022-05-01 12:00:00.000,2022-04-30 20:46:00.000,2022-05-02 13:17:00.000
"33789",MEDITERRANEAN SHIPPING COM ESPANA S,2022-03-29 09:08:00.000,2022-04-03 14:00:00.000,2022-03-29 09:08:00.000,2022-04-03 14:20:00.000
"33796",MARITIMA DEL MEDITERRANEO SA,2022-04-26 14:00:00.000,2022-04-27 00:01:00.000,2022-04-26 13:38:00.000,2022-04-27 10:14:00.000
"33797",MARITIMA DEL MEDITERRANEO SA,2022-04-20 01:00:00.000,2022-04-20 22:00:00.000,2022-04-20 03:26:00.000,2022-04-21 01:32:00.000
"33799",MARITIMA DEL MEDITERRANEO SA,2022-04-19 19:00:00.000,2022-04-20 08:00:00.000,2022-04-19 18:51:00.000,2022-04-20 12:18:00.000
"33818",MEDITERRANEAN SHIPPING COM ESPANA S,2022-04-12 19:00:00.000,2022-04-13 18:00:00.000,2022-04-13 03:11:00.000,2022-04-13 23:40:00.000
"33819",MEDITERRANEAN SHIPPING COM ESPANA S,2022-04-18 12:00:00.000,2022-04-19 03:00:00.000,2022-04-18 15:40:00.000,2022-04-19 09:37:00.000
"33820",MEDITERRANEAN SHIPPING COM ESPANA S,2022-04-18 00:45:00.000,2022-04-19 07:21:00.000,2022-04-18 05:16:00.000,2022-04-19 14:22:00.000
"33821",MEDITERRANEAN SHIPPING COM ESPANA S,2022-04-18 13:00:00.000,2022-04-22 01:15:00.000,2022-04-19 08:26:00.000,2022-04-22 07:44:00.000
"33843",CMA CGM IBERICA SAU,2022-05-09 07:00:00.000,2022-05-10 08:00:00.000,2022-05-09 21:59:00.000,2022-05-10 16:28:00.000
"33853",CMA CGM IBERICA SAU,2022-04-24 18:30:00.000,2022-04-26 03:37:00.000,2022-04-24 18:30:00.000,2022-04-26 11:03:00.000
"33870",A PEREZ Y CIA SL,2022-05-07 00:00:00.000,2022-05-10 17:44:00.000,2022-05-10 17:42:00.000,2022-05-11 12:28:00.000
"33871",CMA CGM IBERICA SAU,2022-04-19 06:00:00.000,2022-04-19 19:00:00.000,2022-04-19 06:57:00.000,2022-04-19 19:24:00.000
"33916",MEDITERRANEAN SHIPPING COM ESPANA S,2022-04-15 05:45:00.000,2022-04-15 23:15:00.000,2022-04-15 06:11:00.000,2022-04-15 23:34:00.000
"33920",MEDITERRANEAN SHIPPING COM ESPANA S,2022-04-21 06:00:00.000,2022-04-22 06:00:00.000,2022-04-22 03:25:00.000,2022-04-23 01:05:00.000
"33939",MEDITERRANEAN SHIPPING COM ESPANA S,2022-04-12 07:00:00.000,2022-04-12 21:00:00.000,2022-04-12 09:27:00.000,2022-04-13 11:38:00.000
"33966",MEDITERRANEAN SHIPPING COM ESPANA S,2022-04-25 06:15:00.000,2022-04-25 23:15:00.000,2022-04-25 09:33:00.000,2022-04-25 23:56:00.000
"33985",CMA CGM IBERICA SAU,2022-04-16 11:00:00.000,2022-04-17 02:00:00.000,2022-04-16 12:36:00.000,2022-04-17 00:15:00.000
"33995",CMA CGM IBERICA SAU,2022-05-07 10:00:00.000,2022-05-08 21:00:00.000,2022-05-08 07:34:00.000,2022-05-08 22:54:00.000
"33998",MEDITERRANEAN SHIPPING COM ESPANA S,2022-04-10 11:15:00.000,2022-04-11 07:15:00.000,2022-04-10 18:15:00.000,2022-04-11 13:26:00.000
"34046",MARITIMA DEL MEDITERRANEO SA,2022-04-16 23:00:00.000,2022-04-17 14:00:00.000,2022-04-16 23:42:00.000,2022-04-17 07:48:00.000
"34047",MARITIMA DEL MEDITERRANEO SA,2022-05-10 01:00:00.000,2022-05-10 14:00:00.000,2022-05-10 01:47:00.000,2022-05-10 22:59:00.000
"34067",MEDITERRANEAN SHIPPING COM ESPANA S,2022-04-20 12:00:00.000,2022-04-21 11:26:00.000,2022-04-21 11:24:00.000,2022-04-22 01:36:00.000
"34068",MEDITERRANEAN SHIPPING COM ESPANA S,2022-04-25 18:00:00.000,2022-04-27 02:00:00.000,2022-04-25 22:09:00.000,2022-04-27 00:12:00.000
"34069",MEDITERRANEAN SHIPPING COM ESPANA S,2022-04-24 12:00:00.000,2022-04-25 08:00:00.000,2022-04-24 16:58:00.000,2022-04-25 17:58:00.000
"34071",MEDITERRANEAN SHIPPING COM ESPANA S,2022-04-26 05:45:00.000,2022-04-27 01:15:00.000,2022-04-26 08:05:00.000,2022-04-27 08:53:00.000
"34072",MEDITERRANEAN SHIPPING COM ESPANA S,2022-04-27 06:00:00.000,2022-04-30 21:45:00.000,2022-04-27 10:06:00.000,2022-04-30 16:56:00.000
"34074",MEDITERRANEAN SHIPPING COM ESPANA S,2022-04-29 00:00:00.000,2022-04-29 08:30:00.000,2022-04-29 00:20:00.000,2022-04-29 11:36:00.000
"34077",WEC LINES ESPANA SLU,2022-04-16 23:00:00.000,2022-04-17 20:00:00.000,2022-04-17 03:56:00.000,2022-04-17 18:18:00.000
"34087",MEDITERRANEAN SHIPPING COM ESPANA S,2022-04-29 17:00:00.000,2022-04-30 07:15:00.000,2022-04-29 22:07:00.000,2022-04-30 06:17:00.000
"34088",MEDITERRANEAN SHIPPING COM ESPANA S,2022-04-27 00:30:00.000,2022-04-27 20:00:00.000,2022-04-27 01:54:00.000,2022-04-27 22:27:00.000
"34144",CMA CGM IBERICA SAU,2022-04-21 02:00:00.000,2022-05-08 12:00:00.000,2022-04-21 16:08:00.000,2022-05-08 17:58:00.000
"34179",MARITIMA DEL MEDITERRANEO SA,2022-04-21 16:58:00.000,2022-04-22 04:13:00.000,2022-04-21 15:41:00.000,2022-04-22 18:36:00.000
"34230",CMA CGM IBERICA SAU,2022-06-19 23:59:00.000,2022-06-21 14:00:00.000,2022-06-20 06:14:00.000,2022-06-21 19:41:00.000
"34247",MEDITERRANEAN SHIPPING COM ESPANA S,2022-05-04 11:00:00.000,2022-05-05 10:00:00.000,2022-05-04 20:32:00.000,2022-05-06 05:49:00.000
"34248",MEDITERRANEAN SHIPPING COM ESPANA S,2022-04-30 05:00:00.000,2022-05-01 01:45:00.000,2022-04-30 03:35:00.000,2022-04-30 21:28:00.000
"34249",MEDITERRANEAN SHIPPING COM ESPANA S,2022-05-01 22:45:00.000,2022-05-03 02:30:00.000,2022-05-01 23:14:00.000,2022-05-03 08:26:00.000
"34251",MEDITERRANEAN SHIPPING COM ESPANA S,2022-05-05 06:00:00.000,2022-05-10 09:00:00.000,2022-05-05 08:53:00.000,2022-05-10 00:16:00.000
"34269",WEC LINES ESPANA SLU,2022-04-22 23:30:00.000,2022-04-23 14:00:00.000,2022-04-23 02:03:00.000,2022-04-23 20:06:00.000
"34270",MARITIMA DEL MEDITERRANEO SA,2022-05-07 01:00:00.000,2022-05-07 08:00:00.000,2022-05-07 03:57:00.000,2022-05-08 02:50:00.000
"34275",MARITIMA DEL MEDITERRANEO SA,2022-04-28 01:00:00.000,2022-04-28 20:00:00.000,2022-04-28 01:23:00.000,2022-04-28 22:50:00.000
"34322",CMA CGM IBERICA SAU,2022-05-06 06:00:00.000,2022-05-06 14:23:00.000,2022-05-06 14:21:00.000,2022-05-08 01:57:00.000
"34326",CMA CGM IBERICA SAU,2022-05-22 12:00:00.000,2022-05-23 08:00:00.000,2022-05-23 01:47:00.000,2022-05-23 21:11:00.000
"34380",CMA CGM IBERICA SAU,2022-05-21 18:00:00.000,2022-05-22 08:00:00.000,2022-05-21 19:49:00.000,2022-05-22 10:12:00.000
"34388",CMA CGM IBERICA SAU,2022-04-28 02:00:00.000,2022-04-28 23:00:00.000,2022-04-28 12:52:00.000,2022-04-28 20:32:00.000
"34390",CMA CGM IBERICA SAU,2022-05-14 06:00:00.000,2022-05-14 14:00:00.000,2022-05-14 05:36:00.000,2022-05-14 22:48:00.000
"34425",CMA CGM IBERICA SAU,2022-05-16 18:00:00.000,2022-05-17 06:00:00.000,2022-05-16 20:50:00.000,2022-05-17 10:01:00.000
"34438",MEDITERRANEAN SHIPPING COM ESPANA S,2022-05-08 18:00:00.000,2022-05-10 01:00:00.000,2022-05-08 20:52:00.000,2022-05-10 20:35:00.000
"34439",MEDITERRANEAN SHIPPING COM ESPANA S,2022-05-11 11:45:00.000,2022-05-12 10:15:00.000,2022-05-11 14:16:00.000,2022-05-12 10:34:00.000
"34440",MEDITERRANEAN SHIPPING COM ESPANA S,2022-05-12 06:15:00.000,2022-05-13 02:15:00.000,2022-05-12 09:07:00.000,2022-05-13 12:13:00.000
"34449",WEC LINES ESPANA SLU,2022-04-30 05:00:00.000,2022-04-30 23:00:00.000,2022-04-30 00:25:00.000,2022-04-30 12:00:00.000
"34454",MEDITERRANEAN SHIPPING COM ESPANA S,2022-05-13 12:00:00.000,2022-05-18 02:00:00.000,2022-05-13 14:19:00.000,2022-05-18 08:21:00.000
"34456",MEDITERRANEAN SHIPPING COM ESPANA S,2022-05-12 12:30:00.000,2022-05-13 07:45:00.000,2022-05-12 20:18:00.000,2022-05-14 01:46:00.000
"34494",CMA CGM IBERICA SAU,2022-06-17 00:00:00.000,2022-06-18 08:00:00.000,2022-06-17 01:55:00.000,2022-06-18 20:17:00.000
"34531",MEDITERRANEAN SHIPPING COM ESPANA S,2022-05-02 12:00:00.000,2022-05-03 07:00:00.000,2022-05-02 14:41:00.000,2022-05-03 09:45:00.000
"34532",MEDITERRANEAN SHIPPING COM ESPANA S,2022-05-05 12:00:00.000,2022-05-06 05:00:00.000,2022-05-05 12:30:00.000,2022-05-06 10:51:00.000
"34553",MARITIMA DEL MEDITERRANEO SA,2022-05-07 12:00:00.000,2022-05-08 03:00:00.000,2022-05-07 13:50:00.000,2022-05-08 02:19:00.000
"34555",MARITIMA DEL MEDITERRANEO SA,2022-05-18 00:01:00.000,2022-05-18 12:00:00.000,2022-05-18 00:47:00.000,2022-05-18 09:31:00.000
"34570",ORIENT OVERSEAS CONTAINER LINE SPAI,2022-05-18 23:40:00.000,2022-05-20 04:47:00.000,2022-05-18 23:40:00.000,2022-05-21 13:54:00.000
"34579",WEC LINES ESPANA SLU,2022-05-06 05:00:00.000,2022-05-07 00:57:00.000,2022-05-07 00:55:00.000,2022-05-07 12:52:00.000
"34588",MEDITERRANEAN SHIPPING COM ESPANA S,2022-05-16 06:15:00.000,2022-05-17 13:45:00.000,2022-05-16 06:05:00.000,2022-05-18 05:22:00.000
"34592",CMA CGM IBERICA SAU,2022-06-04 12:00:00.000,2022-06-05 02:00:00.000,2022-06-04 13:31:00.000,2022-06-05 12:10:00.000
"34594",CMA CGM IBERICA SAU,2022-05-27 07:58:00.000,2022-05-28 19:55:00.000,2022-05-27 14:40:00.000,2022-05-29 07:42:00.000
"34635",MARITIMA DEL MEDITERRANEO SA,2022-05-14 01:00:00.000,2022-05-14 12:00:00.000,2022-05-14 01:06:00.000,2022-05-14 15:20:00.000
"34651",MARITIMA DEL MEDITERRANEO SA,2022-05-10 18:00:00.000,2022-05-11 14:00:00.000,2022-05-11 01:12:00.000,2022-05-12 07:21:00.000
"34659",MEDITERRANEAN SHIPPING COM ESPANA S,2022-05-12 12:45:00.000,2022-05-13 14:30:00.000,2022-05-12 12:33:00.000,2022-05-13 22:53:00.000
"34662",MEDITERRANEAN SHIPPING COM ESPANA S,2022-05-19 06:00:00.000,2022-05-20 01:00:00.000,2022-05-19 09:04:00.000,2022-05-20 17:48:00.000
"34663",MEDITERRANEAN SHIPPING COM ESPANA S,2022-05-18 12:45:00.000,2022-05-19 02:45:00.000,2022-05-18 13:02:00.000,2022-05-19 01:57:00.000
"34709",MARITIMA DEL MEDITERRANEO SA,2022-05-21 06:00:00.000,2022-05-22 06:00:00.000,2022-05-21 06:57:00.000,2022-05-21 23:52:00.000
"34746",MEDITERRANEAN SHIPPING COM ESPANA S,2022-05-06 06:00:00.000,2022-05-06 19:00:00.000,2022-05-06 12:18:00.000,2022-05-07 02:44:00.000
"34757",AGENCIA MARITIMA ESPANOLA EVGE SA,2022-05-27 01:00:00.000,2022-05-27 15:00:00.000,2022-05-27 02:07:00.000,2022-05-27 12:02:00.000
"34769",MEDITERRANEAN SHIPPING COM ESPANA S,2022-05-21 06:00:00.000,2022-05-24 18:00:00.000,2022-05-21 15:47:00.000,2022-05-25 23:19:00.000
"34772",MEDITERRANEAN SHIPPING COM ESPANA S,2022-05-27 00:00:00.000,2022-05-28 07:30:00.000,2022-05-26 23:04:00.000,2022-05-28 17:59:00.000
"34774",MEDITERRANEAN SHIPPING COM ESPANA S,2022-05-25 05:30:00.000,2022-05-26 01:45:00.000,2022-05-25 08:13:00.000,2022-05-26 01:52:00.000
"34775",MEDITERRANEAN SHIPPING COM ESPANA S,2022-05-25 06:30:00.000,2022-06-02 14:00:00.000,2022-05-25 08:03:00.000,2022-06-07 20:13:00.000
"34791",WEC LINES ESPANA SLU,2022-05-14 18:00:00.000,2022-05-15 14:00:00.000,2022-05-15 06:11:00.000,2022-05-15 15:49:00.000
"34889",CMA CGM IBERICA SAU,2022-05-31 06:00:00.000,2022-05-31 20:00:00.000,2022-05-31 09:58:00.000,2022-05-31 20:09:00.000
"34895",CMA CGM IBERICA SAU,2022-06-11 10:00:00.000,2022-06-12 08:00:00.000,2022-06-11 13:43:00.000,2022-06-12 07:23:00.000
"34904",MEDITERRANEAN SHIPPING COM ESPANA S,2022-05-26 23:45:00.000,2022-05-30 20:00:00.000,2022-05-27 07:03:00.000,2022-05-31 08:31:00.000
"34906",MEDITERRANEAN SHIPPING COM ESPANA S,2022-05-24 06:00:00.000,2022-05-25 02:00:00.000,2022-05-24 11:10:00.000,2022-05-25 05:30:00.000
"34907",MEDITERRANEAN SHIPPING COM ESPANA S,2022-05-29 17:30:00.000,2022-05-30 12:00:00.000,2022-05-29 21:51:00.000,2022-05-30 14:22:00.000
"34908",MEDITERRANEAN SHIPPING COM ESPANA S,2022-06-03 06:00:00.000,2022-06-07 02:00:00.000,2022-06-03 12:22:00.000,2022-06-06 22:35:00.000
"34916",MARITIMA DEL MEDITERRANEO SA,2022-05-18 23:00:00.000,2022-05-19 20:00:00.000,2022-05-19 03:28:00.000,2022-05-19 22:02:00.000
"34924",MARITIMA DEL MEDITERRANEO SA,2022-05-19 12:00:00.000,2022-05-19 23:00:00.000,2022-05-19 19:46:00.000,2022-05-20 03:04:00.000
"34925",MARITIMA DEL MEDITERRANEO SA,2022-05-19 18:00:00.000,2022-05-20 08:00:00.000,2022-05-20 00:01:00.000,2022-05-20 10:30:00.000
"34928",MARITIMA DEL MEDITERRANEO SA,2022-05-24 06:00:00.000,2022-05-26 00:42:00.000,2022-05-26 00:40:00.000,2022-05-26 13:49:00.000
"34950",CMA CGM IBERICA SAU,2022-06-13 06:00:00.000,2022-06-13 20:00:00.000,2022-06-13 06:20:00.000,2022-06-13 22:15:00.000
"35057",MEDITERRANEAN SHIPPING COM ESPANA S,2022-05-17 18:00:00.000,2022-05-18 02:00:00.000,2022-05-17 17:52:00.000,2022-05-18 11:19:00.000
"35141",WEC LINES ESPANA SLU,2022-05-20 17:00:00.000,2022-05-21 05:00:00.000,2022-05-20 20:04:00.000,2022-05-21 08:13:00.000
"35190",A PEREZ Y CIA SL,2022-06-22 18:00:00.000,2022-06-23 12:00:00.000,2022-06-23 02:24:00.000,2022-06-23 19:15:00.000
"35244",MARITIMA DEL MEDITERRANEO SA,2022-06-02 12:00:00.000,2022-06-03 02:00:00.000,2022-06-04 00:13:00.000,2022-06-04 11:01:00.000
"35259",MARITIMA DEL MEDITERRANEO SA,2022-05-30 17:00:00.000,2022-05-31 08:00:00.000,2022-05-30 22:33:00.000,2022-05-31 17:21:00.000
"35264",CMA CGM IBERICA SAU,2022-06-19 06:00:00.000,2022-06-19 14:00:00.000,2022-06-19 12:24:00.000,2022-06-20 08:14:00.000
"35265",MEDITERRANEAN SHIPPING COM ESPANA S,2022-05-22 12:00:00.000,2022-05-23 01:00:00.000,2022-05-22 15:29:00.000,2022-05-22 21:32:00.000
"35269",MEDITERRANEAN SHIPPING COM ESPANA S,2022-06-07 12:00:00.000,2022-06-08 10:00:00.000,2022-06-07 14:26:00.000,2022-06-08 17:44:00.000
"35271",MEDITERRANEAN SHIPPING COM ESPANA S,2022-06-07 18:00:00.000,2022-06-11 14:00:00.000,2022-06-08 11:22:00.000,2022-06-11 20:54:00.000
"35273",MEDITERRANEAN SHIPPING COM ESPANA S,2022-06-11 12:00:00.000,2022-06-12 14:00:00.000,2022-06-11 11:52:00.000,2022-06-12 12:45:00.000
"35275",MEDITERRANEAN SHIPPING COM ESPANA S,2022-06-07 00:00:00.000,2022-06-07 23:00:00.000,2022-06-07 10:52:00.000,2022-06-08 20:12:00.000
"35286",HAPAG LLOYD SPAIN SL,2022-06-23 12:00:00.000,2022-06-25 02:00:00.000,2022-06-23 22:09:00.000,2022-06-25 21:40:00.000
"35320",WEC LINES ESPANA SLU,2022-05-27 12:00:00.000,2022-05-27 23:00:00.000,2022-05-27 18:12:00.000,2022-05-28 05:58:00.000
"35323",CMA CGM IBERICA SAU,2022-06-24 12:00:00.000,2022-06-25 14:00:00.000,2022-06-25 04:03:00.000,2022-06-26 20:35:00.000
"35341",CMA CGM IBERICA SAU,2022-07-09 17:00:00.000,2022-07-11 08:00:00.000,2022-07-10 06:10:00.000,2022-07-11 10:17:00.000
"35374",MARITIMA DEL MEDITERRANEO SA,2022-06-07 00:00:00.000,2022-06-07 20:00:00.000,2022-06-07 05:48:00.000,2022-06-08 01:08:00.000
"35377",MARITIMA DEL MEDITERRANEO SA,2022-06-11 20:00:00.000,2022-06-12 09:34:00.000,2022-06-12 09:32:00.000,2022-06-12 17:02:00.000
"35380",MEDITERRANEAN SHIPPING COM ESPANA S,2022-06-13 00:00:00.000,2022-06-13 15:00:00.000,2022-06-13 01:02:00.000,2022-06-13 09:25:00.000
"35381",MEDITERRANEAN SHIPPING COM ESPANA S,2022-06-08 18:00:00.000,2022-06-09 23:00:00.000,2022-06-09 00:02:00.000,2022-06-10 02:16:00.000
"35383",MEDITERRANEAN SHIPPING COM ESPANA S,2022-06-02 12:00:00.000,2022-06-03 02:00:00.000,2022-06-02 23:23:00.000,2022-06-03 10:43:00.000
"35436",CMA CGM IBERICA SAU,2022-06-23 07:00:00.000,2022-06-23 18:00:00.000,2022-06-23 07:52:00.000,2022-06-23 19:56:00.000
"35464",MEDITERRANEAN SHIPPING COM ESPANA S,2022-05-31 05:45:00.000,2022-05-31 19:43:00.000,2022-05-31 19:41:00.000,2022-06-01 05:57:00.000
"35475",WEC LINES ESPANA SLU,2022-06-03 18:00:00.000,2022-06-04 12:00:00.000,2022-06-03 20:30:00.000,2022-06-04 13:59:00.000
"35477",CMA CGM IBERICA SAU,2022-07-04 23:00:00.000,2022-07-07 18:00:00.000,2022-07-05 00:32:00.000,2022-07-06 12:52:00.000
"35478",CMA CGM IBERICA SAU,2022-08-01 19:45:00.000,2022-08-03 20:00:00.000,2022-08-01 22:04:00.000,2022-08-04 15:41:00.000
"35479",MEDITERRANEAN SHIPPING COM ESPANA S,2022-06-18 08:30:00.000,2022-06-19 05:30:00.000,2022-06-18 11:23:00.000,2022-06-19 07:02:00.000
"35480",MEDITERRANEAN SHIPPING COM ESPANA S,2022-06-05 17:00:00.000,2022-06-06 00:00:00.000,2022-06-05 17:16:00.000,2022-06-06 11:26:00.000
"35511",CMA CGM IBERICA SAU,2022-06-10 23:19:00.000,2022-06-14 20:00:00.000,2022-06-10 23:19:00.000,2022-06-14 22:03:00.000
"35587",CMA CGM IBERICA SAU,2022-06-18 12:00:00.000,2022-06-18 21:36:00.000,2022-06-18 21:34:00.000,2022-06-19 12:58:00.000
"35616",MARITIMA DEL MEDITERRANEO SA,2022-06-14 06:00:00.000,2022-06-14 14:00:00.000,2022-06-14 06:31:00.000,2022-06-15 03:10:00.000
"35628",MARITIMA DEL MEDITERRANEO SA,2022-06-24 02:00:00.000,2022-06-26 19:00:00.000,2022-06-26 21:51:00.000,2022-06-28 01:15:00.000
"35634",CMA CGM IBERICA SAU,2022-06-15 18:23:00.000,2022-06-18 21:59:00.000,2022-06-15 18:23:00.000,2022-06-19 10:19:00.000
"35637",WEC LINES ESPANA SLU,2022-06-10 10:00:00.000,2022-06-10 23:00:00.000,2022-06-10 10:36:00.000,2022-06-11 02:57:00.000
"35639",MEDITERRANEAN SHIPPING COM ESPANA S,2022-06-17 06:30:00.000,2022-06-18 00:30:00.000,2022-06-17 10:14:00.000,2022-06-18 09:26:00.000
"35641",MEDITERRANEAN SHIPPING COM ESPANA S,2022-06-16 06:00:00.000,2022-06-17 03:00:00.000,2022-06-16 05:58:00.000,2022-06-17 00:15:00.000
"35644",MEDITERRANEAN SHIPPING COM ESPANA S,2022-06-21 18:00:00.000,2022-06-25 21:00:00.000,2022-06-21 21:42:00.000,2022-06-27 05:55:00.000
"35729",CMA CGM IBERICA SAU,2022-06-15 04:00:00.000,2022-06-15 12:00:00.000,2022-06-15 07:34:00.000,2022-06-15 12:51:00.000
"35746",MARITIMA DEL MEDITERRANEO SA,2022-06-18 18:00:00.000,2022-06-19 06:00:00.000,2022-06-19 00:40:00.000,2022-06-19 07:47:00.000
"35764",ORIENT OVERSEAS CONTAINER LINE SPAI,2022-06-29 08:00:00.000,2022-06-30 22:00:00.000,2022-06-29 13:40:00.000,2022-07-01 07:46:00.000
"35771",MEDITERRANEAN SHIPPING COM ESPANA S,2022-06-17 07:00:00.000,2022-06-18 01:30:00.000,2022-06-17 08:15:00.000,2022-06-18 16:02:00.000
"35773",MEDITERRANEAN SHIPPING COM ESPANA S,2022-06-28 23:45:00.000,2022-06-29 13:00:00.000,2022-06-29 01:05:00.000,2022-06-29 11:57:00.000
"35774",MEDITERRANEAN SHIPPING COM ESPANA S,2022-06-12 00:00:00.000,2022-06-12 11:00:00.000,2022-06-12 08:52:00.000,2022-06-12 18:51:00.000
"35775",MEDITERRANEAN SHIPPING COM ESPANA S,2022-06-13 18:30:00.000,2022-06-14 07:15:00.000,2022-06-13 17:35:00.000,2022-06-14 03:03:00.000
"35797",WEC LINES ESPANA SLU,2022-06-17 01:00:00.000,2022-06-17 23:00:00.000,2022-06-17 11:55:00.000,2022-06-18 03:30:00.000
"35798",MARITIMA DEL MEDITERRANEO SA,2022-06-21 12:00:00.000,2022-06-21 20:00:00.000,2022-06-22 03:00:00.000,2022-06-22 15:32:00.000
"35822",MEDITERRANEAN SHIPPING COM ESPANA S,2022-06-23 06:00:00.000,2022-06-23 20:00:00.000,2022-06-22 13:27:00.000,2022-06-23 00:23:00.000
"35823",MEDITERRANEAN SHIPPING COM ESPANA S,2022-06-23 06:00:00.000,2022-06-23 20:00:00.000,2022-06-23 07:27:00.000,2022-06-23 20:07:00.000
"35833",MARITIMA DEL MEDITERRANEO SA,2022-06-24 04:30:00.000,2022-06-25 02:00:00.000,2022-06-24 03:49:00.000,2022-06-25 02:44:00.000
"35834",MEDITERRANEAN SHIPPING COM ESPANA S,2022-07-01 05:30:00.000,2022-07-02 12:45:00.000,2022-07-01 11:01:00.000,2022-07-02 09:34:00.000
"35851",MEDITERRANEAN SHIPPING COM ESPANA S,2022-06-23 06:00:00.000,2022-06-24 01:00:00.000,2022-06-25 23:03:00.000,2022-06-27 17:57:00.000
"35852",MEDITERRANEAN SHIPPING COM ESPANA S,2022-06-26 18:00:00.000,2022-06-30 13:30:00.000,2022-06-27 08:43:00.000,2022-07-01 06:50:00.000
"35887",CMA CGM IBERICA SAU,2022-07-08 17:00:00.000,2022-07-09 14:00:00.000,2022-07-09 06:16:00.000,2022-07-09 14:40:00.000
"35926",CMA CGM IBERICA SAU,2022-07-06 12:00:00.000,2022-07-07 02:00:00.000,2022-07-06 12:43:00.000,2022-07-06 20:18:00.000
"35943",CMA CGM IBERICA SAU,2022-06-26 00:58:00.000,2022-06-28 09:41:00.000,2022-06-27 07:22:00.000,2022-06-28 21:41:00.000
"35961",MARITIMA DEL MEDITERRANEO SA,2022-07-02 20:00:00.000,2022-07-03 20:00:00.000,2022-07-02 18:29:00.000,2022-07-03 02:06:00.000
"35963",MEDITERRANEAN SHIPPING COM ESPANA S,2022-07-08 12:00:00.000,2022-07-12 14:00:00.000,2022-07-08 13:07:00.000,2022-07-13 03:51:00.000
"35968",WEC LINES ESPANA SLU,2022-06-24 01:00:00.000,2022-06-24 23:00:00.000,2022-06-24 05:41:00.000,2022-06-25 14:47:00.000
"35985",CMA CGM IBERICA SAU,2022-07-15 16:00:00.000,2022-07-16 14:00:00.000,2022-07-15 16:29:00.000,2022-07-16 12:16:00.000
"35988",CMA CGM IBERICA SAU,2022-06-26 05:00:00.000,2022-06-26 20:00:00.000,2022-06-26 05:00:00.000,2022-06-28 08:17:00.000
"35990",CMA CGM IBERICA SAU,2022-07-22 06:00:00.000,2022-07-22 14:00:00.000,2022-07-22 07:43:00.000,2022-07-24 17:28:00.000
"35992",CMA CGM IBERICA SAU,2022-07-19 07:00:00.000,2022-07-19 19:00:00.000,2022-07-19 08:36:00.000,2022-07-19 21:45:00.000
"35996",MEDITERRANEAN SHIPPING COM ESPANA S,2022-06-23 18:00:00.000,2022-06-24 14:00:00.000,2022-06-24 19:12:00.000,2022-06-26 19:45:00.000
"36002",MEDITERRANEAN SHIPPING COM ESPANA S,2022-07-03 05:45:00.000,2022-07-04 01:15:00.000,2022-07-03 06:46:00.000,2022-07-04 14:54:00.000
"36004",MEDITERRANEAN SHIPPING COM ESPANA S,2022-07-04 00:45:00.000,2022-07-04 19:15:00.000,2022-07-03 21:18:00.000,2022-07-05 01:16:00.000
"36005",MEDITERRANEAN SHIPPING COM ESPANA S,2022-07-02 06:00:00.000,2022-07-03 02:00:00.000,2022-07-02 06:42:00.000,2022-07-03 02:17:00.000
"36008",MEDITERRANEAN SHIPPING COM ESPANA S,2022-07-04 18:45:00.000,2022-07-05 08:45:00.000,2022-07-04 16:24:00.000,2022-07-05 07:39:00.000
"36063",CMA CGM IBERICA SAU,2022-08-09 05:00:00.000,2022-08-12 08:00:00.000,2022-08-10 11:42:00.000,2022-08-12 10:26:00.000
"36079",CMA CGM IBERICA SAU,2022-06-29 06:00:00.000,2022-06-30 02:00:00.000,2022-06-29 06:39:00.000,2022-06-29 18:03:00.000
"36111",CMA CGM IBERICA SAU,2022-07-22 11:19:00.000,2022-07-23 20:00:00.000,2022-07-22 11:19:00.000,2022-07-24 03:06:00.000
"36163",MARITIMA DEL MEDITERRANEO SA,2022-07-03 12:00:00.000,2022-07-04 08:00:00.000,2022-07-03 15:21:00.000,2022-07-04 08:49:00.000
"36166",MEDITERRANEAN SHIPPING COM ESPANA S,2022-07-12 00:00:00.000,2022-07-12 16:00:00.000,2022-07-12 03:43:00.000,2022-07-13 11:51:00.000
"36167",MEDITERRANEAN SHIPPING COM ESPANA S,2022-07-11 06:00:00.000,2022-07-11 20:00:00.000,2022-07-11 11:56:00.000,2022-07-12 02:14:00.000
"36168",MEDITERRANEAN SHIPPING COM ESPANA S,2022-07-17 12:00:00.000,2022-07-18 02:00:00.000,2022-07-17 11:16:00.000,2022-07-18 12:36:00.000
"36171",MARITIMA DEL MEDITERRANEO SA,2022-07-08 10:00:00.000,2022-07-09 02:00:00.000,2022-07-08 14:40:00.000,2022-07-09 00:03:00.000
"36183",CMA CGM IBERICA SAU,2022-07-08 12:00:00.000,2022-07-09 02:00:00.000,2022-07-08 15:44:00.000,2022-07-09 03:52:00.000
"36189",MARITIMA DEL MEDITERRANEO SA,2022-06-29 14:40:00.000,2022-07-01 10:27:00.000,2022-06-29 14:40:00.000,2022-07-01 19:14:00.000
"36192",WEC LINES ESPANA SLU,2022-07-01 01:00:00.000,2022-07-01 23:00:00.000,2022-07-01 11:24:00.000,2022-07-02 01:25:00.000
"36215",MEDITERRANEAN SHIPPING COM ESPANA S,2022-07-06 06:00:00.000,2022-07-07 08:00:00.000,2022-07-06 06:03:00.000,2022-07-07 20:28:00.000
"36216",MEDITERRANEAN SHIPPING COM ESPANA S,2022-07-14 06:00:00.000,2022-07-18 20:00:00.000,2022-07-14 09:55:00.000,2022-07-18 05:33:00.000
"36217",MEDITERRANEAN SHIPPING COM ESPANA S,2022-07-16 18:00:00.000,2022-07-17 08:00:00.000,2022-07-16 18:39:00.000,2022-07-17 09:51:00.000
"36232",MARITIMA DEL MEDITERRANEO SA,2022-07-18 00:01:00.000,2022-07-18 18:00:00.000,2022-07-18 00:29:00.000,2022-07-18 12:51:00.000
"36240",CMA CGM IBERICA SAU,2022-07-16 00:01:00.000,2022-07-16 14:00:00.000,2022-07-16 00:48:00.000,2022-07-16 12:48:00.000
"36258",SOLUCIONES INTEGRALES MARITIMAS SLU,2022-07-11 08:00:00.000,2022-07-11 20:00:00.000,2022-07-10 21:34:00.000,2022-07-11 20:30:00.000
"36272",MEDITERRANEAN SHIPPING COM ESPANA S,2022-06-30 11:45:00.000,2022-06-30 18:30:00.000,2022-06-30 14:25:00.000,2022-06-30 19:49:00.000
"36349",MARITIMA DEL MEDITERRANEO SA,2022-07-13 03:00:00.000,2022-07-13 20:00:00.000,2022-07-13 04:57:00.000,2022-07-14 00:30:00.000
"36350",CMA CGM IBERICA SAU,2022-06-28 05:58:00.000,2022-06-28 14:00:00.000,2022-06-27 22:13:00.000,2022-06-28 17:25:00.000
"36356",MEDITERRANEAN SHIPPING COM ESPANA S,2022-07-21 14:00:00.000,2022-07-22 06:45:00.000,2022-07-21 13:52:00.000,2022-07-22 06:09:00.000
"36357",MEDITERRANEAN SHIPPING COM ESPANA S,2022-07-27 18:15:00.000,2022-07-28 13:00:00.000,2022-07-27 16:37:00.000,2022-07-29 02:54:00.000
"36358",MEDITERRANEAN SHIPPING COM ESPANA S,2022-07-13 06:00:00.000,2022-07-14 07:00:00.000,2022-07-13 13:33:00.000,2022-07-14 16:08:00.000
"36359",MEDITERRANEAN SHIPPING COM ESPANA S,2022-07-16 12:00:00.000,2022-07-17 08:00:00.000,2022-07-16 13:41:00.000,2022-07-17 01:52:00.000
"36370",CMA CGM IBERICA SAU,2022-07-29 06:00:00.000,2022-07-30 02:00:00.000,2022-07-29 17:57:00.000,2022-07-30 08:34:00.000
"36376",CMA CGM IBERICA SAU,2022-07-09 13:00:00.000,2022-07-10 08:00:00.000,2022-07-09 13:36:00.000,2022-07-10 09:09:00.000
"36385",CMA CGM IBERICA SAU,2022-07-16 18:00:00.000,2022-07-17 03:25:00.000,2022-07-17 03:23:00.000,2022-07-17 19:28:00.000
"36407",WEC LINES ESPANA SLU,2022-07-08 01:00:00.000,2022-07-08 23:00:00.000,2022-07-08 05:51:00.000,2022-07-09 00:36:00.000
"36427",CMA CGM IBERICA SAU,2022-08-29 12:00:00.000,2022-08-31 14:00:00.000,2022-08-29 12:04:00.000,2022-08-31 17:17:00.000
"36429",CMA CGM IBERICA SAU,2022-09-10 12:00:00.000,2022-09-11 23:00:00.000,2022-09-10 12:53:00.000,2022-09-12 08:08:00.000
"36463",CMA CGM IBERICA SAU,2022-07-26 16:00:00.000,2022-07-27 11:00:00.000,2022-07-26 17:50:00.000,2022-07-27 12:45:00.000
"36472",ANTILLAS SEA AGENCY SL,2022-07-19 00:00:00.000,2022-07-19 14:00:00.000,2022-07-18 21:49:00.000,2022-07-19 14:09:00.000
"36481",MEDITERRANEAN SHIPPING COM ESPANA S,2022-07-04 06:15:00.000,2022-07-05 01:00:00.000,2022-07-04 06:25:00.000,2022-07-04 22:27:00.000
"36496",MEDITERRANEAN SHIPPING COM ESPANA S,2022-07-23 17:30:00.000,2022-07-27 20:15:00.000,2022-07-24 22:57:00.000,2022-07-28 21:51:00.000
"36558",CMA CGM IBERICA SAU,2022-07-29 06:00:00.000,2022-07-29 14:00:00.000,2022-07-29 06:05:00.000,2022-07-29 13:20:00.000
"36559",CMA CGM IBERICA SAU,2022-09-15 22:58:00.000,2022-09-17 08:00:00.000,2022-09-16 02:13:00.000,2022-09-17 00:25:00.000
"36564",MARITIMA DEL MEDITERRANEO SA,2022-07-20 07:00:00.000,2022-07-21 02:00:00.000,2022-07-20 06:23:00.000,2022-07-20 19:48:00.000
"36571",CMA CGM IBERICA SAU,2022-07-11 16:15:00.000,2022-07-12 14:00:00.000,2022-07-11 16:15:00.000,2022-07-12 12:10:00.000
"36573",CMA CGM IBERICA SAU,2022-07-20 17:00:00.000,2022-07-21 02:00:00.000,2022-07-20 19:20:00.000,2022-07-21 02:29:00.000
"36575",WEC LINES ESPANA SLU,2022-07-15 01:00:00.000,2022-07-15 23:00:00.000,2022-07-15 05:41:00.000,2022-07-16 01:18:00.000
"36577",CMA CGM IBERICA SAU,2022-07-22 18:00:00.000,2022-07-23 06:00:00.000,2022-07-22 23:27:00.000,2022-07-23 06:49:00.000
"36578",CMA CGM IBERICA SAU,2022-08-12 09:59:00.000,2022-08-13 09:00:00.000,2022-08-12 09:59:00.000,2022-08-14 02:09:00.000
"36582",CMA CGM IBERICA SAU,2022-08-05 05:00:00.000,2022-08-05 20:00:00.000,2022-08-05 06:11:00.000,2022-08-05 23:52:00.000
"36584",CMA CGM IBERICA SAU,2022-08-19 06:00:00.000,2022-08-19 20:00:00.000,2022-08-19 06:07:00.000,2022-08-19 22:56:00.000
"36600",MEDITERRANEAN SHIPPING COM ESPANA S,2022-07-21 19:30:00.000,2022-07-22 18:45:00.000,2022-07-21 20:40:00.000,2022-07-23 09:03:00.000
"36643",MEDITERRANEAN SHIPPING COM ESPANA S,2022-07-29 23:30:00.000,2022-07-30 22:00:00.000,2022-07-30 04:07:00.000,2022-07-31 07:46:00.000
"36709",MEDITERRANEAN SHIPPING COM ESPANA S,2022-07-18 06:00:00.000,2022-07-19 03:00:00.000,2022-07-18 09:46:00.000,2022-07-19 09:11:00.000
"36743",WEC LINES ESPANA SLU,2022-07-22 01:00:00.000,2022-07-22 23:00:00.000,2022-07-22 10:29:00.000,2022-07-23 02:16:00.000
"36744",AGENCIA MARITIMA ESPANOLA EVGE SA,2022-07-21 18:00:00.000,2022-07-22 09:00:00.000,2022-07-21 21:36:00.000,2022-07-22 09:14:00.000
"36749",MARITIMA DEL MEDITERRANEO SA,2022-07-29 02:00:00.000,2022-07-29 14:48:00.000,2022-07-29 14:46:00.000,2022-07-30 01:55:00.000
"36751",MARITIMA DEL MEDITERRANEO SA,2022-07-27 12:00:00.000,2022-07-28 08:00:00.000,2022-07-29 02:22:00.000,2022-07-29 13:54:00.000
"36762",CMA CGM IBERICA SAU,2022-07-30 01:00:00.000,2022-07-30 14:00:00.000,2022-07-30 11:43:00.000,2022-07-31 04:31:00.000
"36763",MEDITERRANEAN SHIPPING COM ESPANA S,2022-07-28 17:58:00.000,2022-07-29 12:30:00.000,2022-07-27 19:57:00.000,2022-07-29 16:29:00.000
"36775",MEDITERRANEAN SHIPPING COM ESPANA S,2022-07-19 05:58:00.000,2022-07-19 20:00:00.000,2022-07-19 06:30:00.000,2022-07-19 20:22:00.000
"36783",MEDITERRANEAN SHIPPING COM ESPANA S,2022-08-01 18:00:00.000,2022-08-02 20:00:00.000,2022-08-01 20:43:00.000,2022-08-03 06:39:00.000
"36784",MEDITERRANEAN SHIPPING COM ESPANA S,2022-08-01 00:00:00.000,2022-08-01 14:15:00.000,2022-08-01 02:27:00.000,2022-08-01 15:00:00.000
"36800",MARITIMA DEL MEDITERRANEO SA,2022-07-25 14:45:00.000,2022-07-28 01:03:00.000,2022-07-25 14:45:00.000,2022-07-28 08:13:00.000
"36807",MEDITERRANEAN SHIPPING COM ESPANA S,2022-08-13 00:45:00.000,2022-08-16 19:30:00.000,2022-08-13 04:08:00.000,2022-08-16 19:52:00.000
"36858",MEDITERRANEAN SHIPPING COM ESPANA S,2022-08-04 06:00:00.000,2022-08-05 08:00:00.000,2022-08-04 07:17:00.000,2022-08-05 04:47:00.000
"36903",MARITIMA DEL MEDITERRANEO SA,2022-07-25 06:00:00.000,2022-07-26 02:00:00.000,2022-07-25 13:23:00.000,2022-07-26 03:58:00.000
"36933",MEDITERRANEAN SHIPPING COM ESPANA S,2022-07-27 06:15:00.000,2022-07-27 17:30:00.000,2022-07-27 13:44:00.000,2022-07-27 22:56:00.000
"36935",MEDITERRANEAN SHIPPING COM ESPANA S,2022-08-06 10:00:00.000,2022-08-10 16:00:00.000,2022-08-06 06:00:00.000,2022-08-10 09:59:00.000
"36936",MEDITERRANEAN SHIPPING COM ESPANA S,2022-08-08 06:00:00.000,2022-08-09 06:00:00.000,2022-08-08 09:23:00.000,2022-08-09 19:57:00.000
"36937",MEDITERRANEAN SHIPPING COM ESPANA S,2022-08-07 10:00:00.000,2022-08-08 00:00:00.000,2022-08-07 18:21:00.000,2022-08-08 07:41:00.000
"36960",MARITIMA DEL MEDITERRANEO SA,2022-08-02 05:00:00.000,2022-08-03 05:17:00.000,2022-08-02 13:53:00.000,2022-08-03 05:15:00.000
"36963",MARITIMA DEL MEDITERRANEO SA,2022-08-06 02:00:00.000,2022-08-06 12:02:00.000,2022-08-06 00:50:00.000,2022-08-06 09:00:00.000
"36964",MARITIMA DEL MEDITERRANEO SA,2022-08-10 05:00:00.000,2022-08-10 12:00:00.000,2022-08-10 09:34:00.000,2022-08-10 15:38:00.000
"37037",MEDITERRANEAN SHIPPING COM ESPANA S,2022-08-22 11:30:00.000,2022-08-26 08:00:00.000,2022-08-22 14:42:00.000,2022-08-25 18:06:00.000
"37041",CMA CGM IBERICA SAU,2022-09-29 23:00:00.000,2022-10-01 14:00:00.000,2022-09-30 00:56:00.000,2022-10-02 00:51:00.000
"37042",CMA CGM IBERICA SAU,2022-08-26 05:00:00.000,2022-08-26 20:00:00.000,2022-08-26 05:39:00.000,2022-08-26 23:02:00.000
"37043",A PEREZ Y CIA SL,2022-08-09 06:00:00.000,2022-08-09 18:00:00.000,2022-08-09 09:52:00.000,2022-08-09 20:55:00.000
"37044",WEC LINES ESPANA SLU,2022-07-29 01:00:00.000,2022-07-29 23:00:00.000,2022-07-29 15:48:00.000,2022-07-30 09:23:00.000
"37098",MEDITERRANEAN SHIPPING COM ESPANA S,2022-08-14 18:15:00.000,2022-08-15 18:15:00.000,2022-08-14 14:56:00.000,2022-08-15 20:54:00.000
"37100",MARITIMA DEL MEDITERRANEO SA,2022-08-10 20:00:00.000,2022-08-11 12:00:00.000,2022-08-10 18:32:00.000,2022-08-11 12:25:00.000
"37139",WEC LINES ESPANA SLU,2022-08-06 17:00:00.000,2022-08-07 06:00:00.000,2022-08-06 20:55:00.000,2022-08-07 11:11:00.000
"37142",MARITIMA DEL MEDITERRANEO SA,2022-08-03 18:00:00.000,2022-08-04 02:00:00.000,2022-08-03 18:19:00.000,2022-08-04 00:01:00.000
"37148",MEDITERRANEAN SHIPPING COM ESPANA S,2022-08-12 06:30:00.000,2022-08-12 18:30:00.000,2022-08-12 15:21:00.000,2022-08-13 02:21:00.000
"37149",MEDITERRANEAN SHIPPING COM ESPANA S,2022-08-11 18:15:00.000,2022-08-12 20:15:00.000,2022-08-12 00:55:00.000,2022-08-13 10:23:00.000
"37150",MEDITERRANEAN SHIPPING COM ESPANA S,2022-08-11 06:00:00.000,2022-08-12 02:30:00.000,2022-08-11 14:15:00.000,2022-08-12 13:54:00.000
"37151",MEDITERRANEAN SHIPPING COM ESPANA S,2022-08-18 19:30:00.000,2022-08-22 21:00:00.000,2022-08-19 01:29:00.000,2022-08-22 12:42:00.000
"37153",MARITIMA DEL MEDITERRANEO SA,2022-08-15 06:00:00.000,2022-08-16 01:03:00.000,2022-08-16 01:01:00.000,2022-08-17 02:33:00.000
"37157",CMA CGM IBERICA SAU,2022-08-16 12:00:00.000,2022-08-17 23:00:00.000,2022-08-16 21:22:00.000,2022-08-18 20:51:00.000
"37168",MEDITERRANEAN SHIPPING COM ESPANA S,2022-07-30 06:00:00.000,2022-07-31 19:30:00.000,2022-07-30 10:47:00.000,2022-08-01 03:53:00.000
"37219",WEC LINES ESPANA SLU,2022-08-12 04:00:00.000,2022-08-13 02:00:00.000,2022-08-12 11:26:00.000,2022-08-13 02:40:00.000
"37220",WEC LINES ESPANA SLU,2022-08-19 01:00:00.000,2022-08-19 23:00:00.000,2022-08-19 08:44:00.000,2022-08-20 00:02:00.000
"37250",CMA CGM IBERICA SAU,2022-09-02 07:00:00.000,2022-09-03 02:00:00.000,2022-09-02 04:08:00.000,2022-09-03 03:56:00.000
"37251",CMA CGM IBERICA SAU,2022-09-09 00:00:00.000,2022-09-09 20:00:00.000,2022-09-09 00:30:00.000,2022-09-09 20:32:00.000
"37253",CMA CGM IBERICA SAU,2022-09-17 00:01:00.000,2022-09-17 18:00:00.000,2022-09-17 01:54:00.000,2022-09-17 16:44:00.000
"37259",CMA CGM IBERICA SAU,2022-08-21 12:00:00.000,2022-08-22 08:00:00.000,2022-08-21 12:40:00.000,2022-08-22 04:23:00.000
"37274",MEDITERRANEAN SHIPPING COM ESPANA S,2022-07-31 06:00:00.000,2022-08-01 02:15:00.000,2022-07-31 09:01:00.000,2022-08-01 03:03:00.000
"37307",CMA CGM IBERICA SAU,2022-10-09 12:00:00.000,2022-10-11 02:00:00.000,2022-10-09 07:22:00.000,2022-10-11 01:58:00.000
"37322",ORIENT OVERSEAS CONTAINER LINE SPAI,2022-08-20 18:00:00.000,2022-08-21 22:00:00.000,2022-08-20 22:19:00.000,2022-08-23 05:56:00.000
"37329",CMA CGM IBERICA SAU,2022-08-20 01:00:00.000,2022-08-20 08:00:00.000,2022-08-20 01:04:00.000,2022-08-20 15:57:00.000
"37330",CMA CGM IBERICA SAU,2022-08-18 05:00:00.000,2022-08-18 15:00:00.000,2022-08-18 06:46:00.000,2022-08-18 19:33:00.000
"37337",MEDITERRANEAN SHIPPING COM ESPANA S,2022-08-18 14:30:00.000,2022-08-19 02:30:00.000,2022-08-18 16:18:00.000,2022-08-19 04:16:00.000
"37338",MEDITERRANEAN SHIPPING COM ESPANA S,2022-08-20 07:45:00.000,2022-08-21 01:45:00.000,2022-08-20 06:43:00.000,2022-08-21 06:31:00.000
"37339",MEDITERRANEAN SHIPPING COM ESPANA S,2022-08-27 02:30:00.000,2022-08-27 18:15:00.000,2022-08-27 01:41:00.000,2022-08-27 20:59:00.000
"37340",MARITIMA DEL MEDITERRANEO SA,2022-08-27 18:00:00.000,2022-08-28 02:00:00.000,2022-08-27 18:52:00.000,2022-08-28 07:37:00.000
"37348",HAPAG LLOYD SPAIN SL,2022-08-26 19:00:00.000,2022-08-28 06:00:00.000,2022-08-26 20:57:00.000,2022-08-28 07:58:00.000
"37356",CMA CGM IBERICA SAU,2022-08-12 07:00:00.000,2022-08-13 14:00:00.000,2022-08-13 03:48:00.000,2022-08-13 16:13:00.000
"37357",MARTICO SL,2022-08-15 07:30:00.000,2022-08-15 18:00:00.000,2022-08-15 07:36:00.000,2022-08-15 19:34:00.000
"37364",WEC LINES ESPANA SLU,2022-09-02 11:00:00.000,2022-09-02 23:00:00.000,2022-09-02 13:37:00.000,2022-09-02 22:39:00.000
"37365",WEC LINES ESPANA SLU,2022-08-26 00:30:00.000,2022-08-26 23:00:00.000,2022-08-26 04:49:00.000,2022-08-27 00:27:00.000
"37430",MEDITERRANEAN SHIPPING COM ESPANA S,2022-08-12 18:00:00.000,2022-08-13 07:45:00.000,2022-08-12 23:59:00.000,2022-08-13 08:24:00.000
"37431",MEDITERRANEAN SHIPPING COM ESPANA S,2022-08-29 15:15:00.000,2022-08-30 03:15:00.000,2022-08-29 21:00:00.000,2022-08-30 07:59:00.000
"37434",MEDITERRANEAN SHIPPING COM ESPANA S,2022-08-28 02:30:00.000,2022-08-31 14:45:00.000,2022-08-27 23:31:00.000,2022-09-01 07:25:00.000
"37440",CMA CGM IBERICA SAU,2022-08-25 05:00:00.000,2022-08-25 14:00:00.000,2022-08-25 05:35:00.000,2022-08-25 13:20:00.000
"37472",CMA CGM IBERICA SAU,2022-08-28 18:00:00.000,2022-08-29 08:00:00.000,2022-08-28 20:59:00.000,2022-08-29 05:37:00.000
"37486",MEDITERRANEAN SHIPPING COM ESPANA S,2022-08-17 08:45:00.000,2022-08-18 05:15:00.000,2022-08-17 07:55:00.000,2022-08-18 14:27:00.000
"37526",MARITIMA DEL MEDITERRANEO SA,2022-08-24 20:00:00.000,2022-08-25 12:02:00.000,2022-08-24 20:29:00.000,2022-08-25 09:25:00.000
"37541",MARITIMA DEL MEDITERRANEO SA,2022-08-24 18:00:00.000,2022-08-25 06:00:00.000,2022-08-25 03:28:00.000,2022-08-25 10:14:00.000
"37546",MARITIMA DEL MEDITERRANEO SA,2022-08-23 18:00:00.000,2022-08-24 02:00:00.000,2022-08-23 20:04:00.000,2022-08-24 08:48:00.000
"37594",MEDITERRANEAN SHIPPING COM ESPANA S,2022-08-16 12:07:00.000,2022-08-17 07:30:00.000,2022-08-16 12:07:00.000,2022-08-17 06:48:00.000
"37642",MEDITERRANEAN SHIPPING COM ESPANA S,2022-09-03 06:00:00.000,2022-09-07 08:00:00.000,2022-09-03 06:25:00.000,2022-09-07 02:25:00.000
"37686",MEDITERRANEAN SHIPPING COM ESPANA S,2022-08-20 13:45:00.000,2022-08-21 00:45:00.000,2022-08-20 12:34:00.000,2022-08-20 20:22:00.000
"37690",MEDITERRANEAN SHIPPING COM ESPANA S,2022-08-14 05:45:00.000,2022-08-14 17:45:00.000,2022-08-14 10:02:00.000,2022-08-15 00:02:00.000
"37707",MEDITERRANEAN SHIPPING COM ESPANA S,2022-09-01 12:30:00.000,2022-09-02 03:00:00.000,2022-09-01 14:46:00.000,2022-09-02 02:55:00.000
"37741",MARITIMA DEL MEDITERRANEO SA,2022-09-01 16:00:00.000,2022-09-02 02:00:00.000,2022-09-01 22:26:00.000,2022-09-02 06:15:00.000
"37779",ANTILLAS SEA AGENCY SL,2022-08-25 23:00:00.000,2022-08-29 08:17:00.000,2022-08-25 23:00:00.000,2022-08-29 17:57:00.000
"37781",CMA CGM IBERICA SAU,2022-09-05 06:00:00.000,2022-09-05 18:00:00.000,2022-09-05 04:24:00.000,2022-09-06 00:27:00.000
"37782",CMA CGM IBERICA SAU,2022-09-02 17:00:00.000,2022-09-03 12:00:00.000,2022-09-02 17:29:00.000,2022-09-03 02:59:00.000
"37797",MEDITERRANEAN SHIPPING COM ESPANA S,2022-08-28 08:00:00.000,2022-08-29 08:00:00.000,2022-08-28 09:17:00.000,2022-08-29 10:29:00.000
"37801",MEDITERRANEAN SHIPPING COM ESPANA S,2022-09-05 06:00:00.000,2022-09-06 02:30:00.000,2022-09-05 05:53:00.000,2022-09-06 04:55:00.000
"37802",MEDITERRANEAN SHIPPING COM ESPANA S,2022-09-01 00:00:00.000,2022-09-01 13:30:00.000,2022-09-01 03:08:00.000,2022-09-01 19:59:00.000
"37803",MEDITERRANEAN SHIPPING COM ESPANA S,2022-09-09 00:00:00.000,2022-09-10 02:00:00.000,2022-09-08 21:43:00.000,2022-09-10 05:06:00.000
"37805",MEDITERRANEAN SHIPPING COM ESPANA S,2022-09-11 04:00:00.000,2022-09-15 02:00:00.000,2022-09-11 03:25:00.000,2022-09-15 19:45:00.000
"37806",MEDITERRANEAN SHIPPING COM ESPANA S,2022-09-06 00:00:00.000,2022-09-06 18:15:00.000,2022-09-06 06:13:00.000,2022-09-07 02:00:00.000
"37847",CMA CGM IBERICA SAU,2022-09-23 07:00:00.000,2022-09-23 14:00:00.000,2022-09-23 04:55:00.000,2022-09-23 22:04:00.000
"37848",CMA CGM IBERICA SAU,2022-10-03 01:00:00.000,2022-10-03 14:00:00.000,2022-10-03 08:26:00.000,2022-10-04 00:59:00.000
"37849",MEDITERRANEAN SHIPPING COM ESPANA S,2022-08-29 14:13:00.000,2022-08-30 20:00:00.000,2022-08-28 20:26:00.000,2022-08-29 19:36:00.000
"37854",AGENCIA MARITIMA ESPANOLA EVGE SA,2022-09-16 10:00:00.000,2022-09-17 04:01:00.000,2022-09-17 03:59:00.000,2022-09-17 14:21:00.000
"37856",CMA CGM IBERICA SAU,2022-09-09 18:00:00.000,2022-09-10 02:00:00.000,2022-09-09 23:01:00.000,2022-09-10 08:55:00.000
"37930",MARITIMA DEL MEDITERRANEO SA,2022-09-03 06:58:00.000,2022-09-03 14:00:00.000,2022-09-03 07:21:00.000,2022-09-03 15:40:00.000
"37935",MARITIMA DEL MEDITERRANEO SA,2022-09-05 08:00:00.000,2022-09-05 20:00:00.000,2022-09-05 07:30:00.000,2022-09-05 15:49:00.000
"37979",MEDITERRANEAN SHIPPING COM ESPANA S,2022-09-20 05:30:00.000,2022-09-20 19:30:00.000,2022-09-20 06:07:00.000,2022-09-20 22:14:00.000
"37981",MEDITERRANEAN SHIPPING COM ESPANA S,2022-09-16 18:15:00.000,2022-09-20 07:00:00.000,2022-09-16 17:38:00.000,2022-09-20 00:17:00.000
"37982",MEDITERRANEAN SHIPPING COM ESPANA S,2022-09-12 06:00:00.000,2022-09-13 19:15:00.000,2022-09-12 09:55:00.000,2022-09-13 16:10:00.000
"37992",CMA CGM IBERICA SAU,2022-09-10 06:00:00.000,2022-09-10 20:00:00.000,2022-09-10 09:01:00.000,2022-09-10 23:57:00.000
"38058",MEDITERRANEAN SHIPPING COM ESPANA S,2022-09-03 00:00:00.000,2022-09-03 19:00:00.000,2022-09-03 02:19:00.000,2022-09-03 21:33:00.000
"38068",MARITIMA DEL MEDITERRANEO SA,2022-09-10 06:00:00.000,2022-09-10 18:00:00.000,2022-09-10 10:21:00.000,2022-09-10 14:54:00.000
"38069",WEC LINES ESPANA SLU,2022-09-09 05:00:00.000,2022-09-09 23:00:00.000,2022-09-09 16:53:00.000,2022-09-10 07:04:00.000
"38108",MARITIMA DEL MEDITERRANEO SA,2022-09-08 05:00:00.000,2022-09-08 14:00:00.000,2022-09-08 04:54:00.000,2022-09-08 15:08:00.000
"38109",MARITIMA DEL MEDITERRANEO SA,2022-09-15 06:00:00.000,2022-09-16 02:00:00.000,2022-09-15 07:49:00.000,2022-09-16 03:20:00.000
"38127",WEC LINES ESPANA SLU,2022-09-16 01:00:00.000,2022-09-16 23:00:00.000,2022-09-16 05:46:00.000,2022-09-17 02:29:00.000
"38128",WEC LINES ESPANA SLU,2022-09-23 01:00:00.000,2022-09-23 23:00:00.000,2022-09-23 10:09:00.000,2022-09-23 22:15:00.000
"38169",ORIENT OVERSEAS CONTAINER LINE SPAI,2022-09-18 14:00:00.000,2022-09-20 08:00:00.000,2022-09-18 14:42:00.000,2022-09-20 10:55:00.000
"38174",CMA CGM IBERICA SAU,2022-09-23 01:00:00.000,2022-09-23 08:00:00.000,2022-09-23 00:34:00.000,2022-09-23 11:34:00.000
"38177",CMA CGM IBERICA SAU,2022-09-15 01:00:00.000,2022-09-15 08:00:00.000,2022-09-15 03:20:00.000,2022-09-15 10:15:00.000
"38182",MEDITERRANEAN SHIPPING COM ESPANA S,2022-09-13 12:00:00.000,2022-09-14 00:30:00.000,2022-09-13 13:01:00.000,2022-09-13 21:18:00.000
"38185",MEDITERRANEAN SHIPPING COM ESPANA S,2022-09-16 00:00:00.000,2022-09-16 13:45:00.000,2022-09-15 23:21:00.000,2022-09-16 15:42:00.000
"38188",MEDITERRANEAN SHIPPING COM ESPANA S,2022-09-24 06:00:00.000,2022-09-24 18:00:00.000,2022-09-24 06:50:00.000,2022-09-24 20:29:00.000
"38202",A PEREZ Y CIA SL,2022-09-17 18:00:00.000,2022-09-19 12:00:00.000,2022-09-17 20:13:00.000,2022-09-19 10:17:00.000
"38256",MARITIMA DEL MEDITERRANEO SA,2022-09-20 23:30:00.000,2022-09-21 15:00:00.000,2022-09-21 01:00:00.000,2022-09-21 11:19:00.000
"38342",MARITIMA DEL MEDITERRANEO SA,2022-09-20 01:00:00.000,2022-09-20 08:00:00.000,2022-09-20 02:20:00.000,2022-09-20 12:30:00.000
"38345",MARITIMA DEL MEDITERRANEO SA,2022-09-14 02:00:00.000,2022-09-14 14:00:00.000,2022-09-14 00:31:00.000,2022-09-14 13:56:00.000
"38352",CMA CGM IBERICA SAU,2022-09-20 23:30:00.000,2022-09-21 14:00:00.000,2022-09-21 00:38:00.000,2022-09-21 17:18:00.000
"38360",CMA CGM IBERICA SAU,2022-09-14 20:00:00.000,2022-09-14 23:59:00.000,2022-09-14 22:58:00.000,2022-09-15 08:24:00.000
"38366",MEDITERRANEAN SHIPPING COM ESPANA S,2022-09-15 05:30:00.000,2022-09-16 05:15:00.000,2022-09-15 09:47:00.000,2022-09-16 00:40:00.000
"38367",MEDITERRANEAN SHIPPING COM ESPANA S,2022-09-23 06:30:00.000,2022-09-24 13:15:00.000,2022-09-23 08:49:00.000,2022-09-24 16:48:00.000
"38368",MEDITERRANEAN SHIPPING COM ESPANA S,2022-09-24 11:45:00.000,2022-09-25 01:30:00.000,2022-09-24 16:13:00.000,2022-09-25 06:13:00.000
"38370",MEDITERRANEAN SHIPPING COM ESPANA S,2022-09-25 06:00:00.000,2022-09-30 02:30:00.000,2022-09-25 08:55:00.000,2022-09-28 21:04:00.000
"38381",MARITIMA DEL MEDITERRANEO SA,2022-09-26 00:01:00.000,2022-09-26 20:00:00.000,2022-09-26 00:42:00.000,2022-09-26 16:31:00.000
"38385",MARITIMA DEL MEDITERRANEO SA,2022-09-27 18:00:00.000,2022-09-28 14:00:00.000,2022-09-27 17:54:00.000,2022-09-28 08:23:00.000
"38388",MARITIMA DEL MEDITERRANEO SA,2022-10-05 17:00:00.000,2022-10-06 02:00:00.000,2022-10-05 22:35:00.000,2022-10-06 08:13:00.000
"38487",MEDITERRANEAN SHIPPING COM ESPANA S,2022-09-30 05:45:00.000,2022-10-01 05:30:00.000,2022-09-30 07:18:00.000,2022-10-01 08:37:00.000
"38539",MEDITERRANEAN SHIPPING COM ESPANA S,2022-09-20 11:45:00.000,2022-09-21 01:30:00.000,2022-09-20 12:06:00.000,2022-09-20 20:45:00.000
"38540",MEDITERRANEAN SHIPPING COM ESPANA S,2022-10-03 12:15:00.000,2022-10-04 13:45:00.000,2022-10-03 12:34:00.000,2022-10-04 16:54:00.000
"38541",MEDITERRANEAN SHIPPING COM ESPANA S,2022-10-01 06:15:00.000,2022-10-02 02:00:00.000,2022-10-01 11:47:00.000,2022-10-02 06:32:00.000
"38542",MEDITERRANEAN SHIPPING COM ESPANA S,2022-10-01 23:15:00.000,2022-10-07 00:45:00.000,2022-10-02 02:36:00.000,2022-10-06 16:11:00.000
"38543",MEDITERRANEAN SHIPPING COM ESPANA S,2022-10-04 12:00:00.000,2022-10-05 07:15:00.000,2022-10-04 20:55:00.000,2022-10-05 07:05:00.000
"38588",CMA CGM IBERICA SAU,2022-09-27 18:00:00.000,2022-09-29 08:00:00.000,2022-09-27 10:56:00.000,2022-09-28 04:04:00.000
"38602",MEDITERRANEAN SHIPPING COM ESPANA S,2022-10-09 02:00:00.000,2022-10-09 21:30:00.000,2022-10-09 05:46:00.000,2022-10-09 17:42:00.000
"38638",MEDITERRANEAN SHIPPING COM ESPANA S,2022-09-29 18:45:00.000,2022-09-30 02:00:00.000,2022-09-29 21:31:00.000,2022-09-30 02:07:00.000
"38639",MEDITERRANEAN SHIPPING COM ESPANA S,2022-10-05 14:00:00.000,2022-10-06 07:00:00.000,2022-10-05 16:25:00.000,2022-10-06 11:28:00.000
"38694",CMA CGM IBERICA SAU,2022-09-30 05:00:00.000,2022-09-30 16:00:00.000,2022-09-30 05:34:00.000,2022-09-30 21:30:00.000
"38695",CMA CGM IBERICA SAU,2022-10-12 10:58:00.000,2022-10-12 20:00:00.000,2022-10-12 11:29:00.000,2022-10-13 04:25:00.000
"38728",CMA CGM IBERICA SAU,2022-10-13 12:00:00.000,2022-10-14 20:00:00.000,2022-10-13 16:28:00.000,2022-10-15 09:41:00.000
"38732",MEDITERRANEAN SHIPPING COM ESPANA S,2022-10-12 08:15:00.000,2022-10-13 13:15:00.000,2022-10-12 07:38:00.000,2022-10-13 12:24:00.000
"38733",MEDITERRANEAN SHIPPING COM ESPANA S,2022-10-08 07:45:00.000,2022-10-09 05:45:00.000,2022-10-08 07:49:00.000,2022-10-09 03:00:00.000
"38734",MEDITERRANEAN SHIPPING COM ESPANA S,2022-10-11 17:45:00.000,2022-10-15 14:30:00.000,2022-10-11 16:43:00.000,2022-10-15 05:57:00.000
"38735",MEDITERRANEAN SHIPPING COM ESPANA S,2022-10-08 20:00:00.000,2022-10-09 08:45:00.000,2022-10-09 00:12:00.000,2022-10-09 12:35:00.000
"38737",MARITIMA DEL MEDITERRANEO SA,2022-11-05 23:00:00.000,2022-11-06 16:00:00.000,2022-11-06 07:05:00.000,2022-11-07 08:48:00.000
"38738",MARITIMA DEL MEDITERRANEO SA,2022-10-09 22:00:00.000,2022-10-10 20:00:00.000,2022-10-10 00:55:00.000,2022-10-10 15:45:00.000
"38740",CMA CGM IBERICA SAU,2022-11-14 13:00:00.000,2022-11-15 20:00:00.000,2022-11-14 13:21:00.000,2022-11-16 07:53:00.000
"38747",CMA CGM IBERICA SAU,2022-11-08 06:00:00.000,2022-11-08 14:00:00.000,2022-11-08 06:25:00.000,2022-11-08 22:41:00.000
"38753",CMA CGM IBERICA SAU,2022-10-08 12:00:00.000,2022-10-09 02:00:00.000,2022-10-08 12:25:00.000,2022-10-09 01:38:00.000
"38754",CMA CGM IBERICA SAU,2022-10-14 22:58:00.000,2022-10-15 15:00:00.000,2022-10-15 07:25:00.000,2022-10-15 17:35:00.000
"38755",CMA CGM IBERICA SAU,2022-10-21 10:00:00.000,2022-10-22 14:00:00.000,2022-10-21 15:42:00.000,2022-10-22 02:42:00.000
"38759",MARTICO SL,2022-10-03 21:00:00.000,2022-10-04 21:00:00.000,2022-10-04 02:24:00.000,2022-10-04 14:58:00.000
"38769",HAPAG LLOYD SPAIN SL,2022-10-17 18:00:00.000,2022-10-18 22:00:00.000,2022-10-17 11:40:00.000,2022-10-18 08:49:00.000
"38803",MEDITERRANEAN SHIPPING COM ESPANA S,2022-09-29 08:15:00.000,2022-09-29 14:45:00.000,2022-09-29 07:08:00.000,2022-09-29 20:22:00.000
"38804",ANTILLAS SEA AGENCY SL,2022-10-09 06:00:00.000,2022-10-10 10:00:00.000,2022-10-08 20:19:00.000,2022-10-10 11:58:00.000
"38828",CMA CGM IBERICA SAU,2022-10-28 19:00:00.000,2022-10-29 14:00:00.000,2022-10-28 22:35:00.000,2022-10-29 23:17:00.000
"38860",CMA CGM IBERICA SAU,2022-10-27 23:00:00.000,2022-10-29 14:00:00.000,2022-10-27 23:59:00.000,2022-10-29 20:08:00.000
"38862",CMA CGM IBERICA SAU,2022-11-04 23:59:00.000,2022-11-06 08:00:00.000,2022-11-05 04:12:00.000,2022-11-06 05:06:00.000
"38873",WEC LINES ESPANA SLU,2022-09-30 01:00:00.000,2022-09-30 23:00:00.000,2022-09-30 08:32:00.000,2022-10-01 04:24:00.000
"38874",WEC LINES ESPANA SLU,2022-10-07 18:00:00.000,2022-10-08 08:00:00.000,2022-10-07 20:48:00.000,2022-10-08 07:58:00.000
"38907",MARITIMA DEL MEDITERRANEO SA,2022-11-03 18:00:00.000,2022-11-04 12:00:00.000,2022-11-03 20:37:00.000,2022-11-04 09:30:00.000
"38964",SOLUCIONES INTEGRALES MARITIMAS SLU,2022-10-05 08:00:00.000,2022-10-07 20:00:00.000,2022-10-05 07:13:00.000,2022-10-08 01:06:00.000
"38965",SOLUCIONES INTEGRALES MARITIMAS SLU,2022-10-11 08:00:00.000,2022-10-14 20:00:00.000,2022-10-11 09:37:00.000,2022-10-14 22:11:00.000
"38969",SOLUCIONES INTEGRALES MARITIMAS SLU,2022-10-19 08:00:00.000,2022-10-21 20:00:00.000,2022-10-19 08:23:00.000,2022-10-22 00:12:00.000
"38973",SOLUCIONES INTEGRALES MARITIMAS SLU,2022-10-26 08:00:00.000,2022-10-28 21:00:00.000,2022-10-26 07:02:00.000,2022-10-28 21:17:00.000
"38985",CMA CGM IBERICA SAU,2022-11-04 09:00:00.000,2022-11-05 01:00:00.000,2022-11-04 11:33:00.000,2022-11-05 01:57:00.000
"39008",CMA CGM IBERICA SAU,2022-12-07 06:00:00.000,2022-12-08 14:00:00.000,2022-12-07 22:27:00.000,2022-12-09 15:48:00.000
"39010",MEDITERRANEAN SHIPPING COM ESPANA S,2022-10-06 11:45:00.000,2022-10-06 19:45:00.000,2022-10-06 17:50:00.000,2022-10-07 04:55:00.000
"39042",CMA CGM IBERICA SAU,2022-10-29 00:58:00.000,2022-10-29 14:00:00.000,2022-10-30 01:03:00.000,2022-10-30 14:47:00.000
"39053",MEDITERRANEAN SHIPPING COM ESPANA S,2022-10-15 06:45:00.000,2022-10-15 20:45:00.000,2022-10-15 11:17:00.000,2022-10-16 03:44:00.000
"39055",MEDITERRANEAN SHIPPING COM ESPANA S,2022-10-25 06:00:00.000,2022-10-26 01:45:00.000,2022-10-25 08:35:00.000,2022-10-26 07:41:00.000
"39071",MARITIMA DEL MEDITERRANEO SA,2022-10-12 12:00:00.000,2022-10-12 20:00:00.000,2022-10-12 12:59:00.000,2022-10-12 22:30:00.000
"39078",CMA CGM IBERICA SAU,2022-10-21 12:00:00.000,2022-10-21 23:00:00.000,2022-10-21 14:03:00.000,2022-10-22 06:25:00.000
"39090",WEC LINES ESPANA SLU,2022-10-14 05:00:00.000,2022-10-14 23:00:00.000,2022-10-14 10:47:00.000,2022-10-15 02:22:00.000
"39091",WEC LINES ESPANA SLU,2022-10-21 05:00:00.000,2022-10-21 23:00:00.000,2022-10-21 10:42:00.000,2022-10-22 04:37:00.000
"39123",MEDITERRANEAN SHIPPING COM ESPANA S,2022-10-23 00:00:00.000,2022-10-24 00:00:00.000,2022-10-23 01:26:00.000,2022-10-23 21:30:00.000
"39124",MEDITERRANEAN SHIPPING COM ESPANA S,2022-10-22 23:45:00.000,2022-10-26 07:00:00.000,2022-10-22 04:25:00.000,2022-10-26 00:28:00.000
"39125",MEDITERRANEAN SHIPPING COM ESPANA S,2022-10-22 06:00:00.000,2022-10-22 18:30:00.000,2022-10-22 06:01:00.000,2022-10-22 16:22:00.000
"39126",MEDITERRANEAN SHIPPING COM ESPANA S,2022-10-24 06:00:00.000,2022-10-25 05:00:00.000,2022-10-24 10:05:00.000,2022-10-25 05:13:00.000
"39127",MEDITERRANEAN SHIPPING COM ESPANA S,2022-10-30 06:00:00.000,2022-10-30 14:00:00.000,2022-10-30 09:36:00.000,2022-10-30 15:39:00.000
"39128",MEDITERRANEAN SHIPPING COM ESPANA S,2022-10-24 16:00:00.000,2022-10-25 08:05:00.000,2022-10-25 08:03:00.000,2022-10-26 04:31:00.000
"39152",CMA CGM IBERICA SAU,2022-11-26 07:00:00.000,2022-11-27 14:00:00.000,2022-11-26 06:27:00.000,2022-11-26 23:20:00.000
"39154",CMA CGM IBERICA SAU,2022-12-03 18:00:00.000,2022-12-04 08:00:00.000,2022-12-03 17:40:00.000,2022-12-04 03:42:00.000
"39157",CMA CGM IBERICA SAU,2022-12-12 06:00:00.000,2022-12-13 18:00:00.000,2022-12-12 12:45:00.000,2022-12-14 05:40:00.000
"39158",CMA CGM IBERICA SAU,2022-12-04 18:00:00.000,2022-12-06 02:00:00.000,2022-12-05 02:58:00.000,2022-12-06 12:54:00.000
"39159",CMA CGM IBERICA SAU,2022-11-11 04:58:00.000,2022-11-11 21:32:00.000,2022-11-10 16:43:00.000,2022-11-12 06:02:00.000
"39178",MEDITERRANEAN SHIPPING COM ESPANA S,2022-10-20 06:00:00.000,2022-10-21 02:30:00.000,2022-10-20 06:00:00.000,2022-10-20 23:38:00.000
"39261",MEDITERRANEAN SHIPPING COM ESPANA S,2022-10-29 11:45:00.000,2022-10-30 09:45:00.000,2022-10-29 21:51:00.000,2022-10-30 21:36:00.000
"39263",MEDITERRANEAN SHIPPING COM ESPANA S,2022-10-30 11:30:00.000,2022-10-31 02:45:00.000,2022-10-30 19:39:00.000,2022-10-31 12:48:00.000
"39264",MEDITERRANEAN SHIPPING COM ESPANA S,2022-10-29 12:15:00.000,2022-11-01 21:00:00.000,2022-10-29 23:01:00.000,2022-11-02 08:34:00.000
"39265",MEDITERRANEAN SHIPPING COM ESPANA S,2022-10-28 23:45:00.000,2022-10-29 13:45:00.000,2022-10-29 00:43:00.000,2022-10-29 17:10:00.000
"39266",MEDITERRANEAN SHIPPING COM ESPANA S,2022-10-31 18:00:00.000,2022-11-01 18:00:00.000,2022-11-01 00:36:00.000,2022-11-01 21:00:00.000
"39271",CMA CGM IBERICA SAU,2022-10-28 05:20:00.000,2022-10-29 20:00:00.000,2022-10-28 05:20:00.000,2022-10-29 23:49:00.000
"39274",MEDITERRANEAN SHIPPING COM ESPANA S,2022-10-22 18:00:00.000,2022-10-23 07:00:00.000,2022-10-23 03:43:00.000,2022-10-23 17:29:00.000
"39281",MARITIMA DEL MEDITERRANEO SA,2022-10-19 06:00:00.000,2022-10-19 14:00:00.000,2022-10-19 09:10:00.000,2022-10-19 17:04:00.000
"39282",MARITIMA DEL MEDITERRANEO SA,2022-10-19 00:01:00.000,2022-10-19 14:00:00.000,2022-10-19 01:02:00.000,2022-10-19 13:19:00.000
"39390",CMA CGM IBERICA SAU,2022-11-03 06:00:00.000,2022-11-03 14:00:00.000,2022-11-03 07:47:00.000,2022-11-03 14:00:00.000
"39391",A PEREZ Y CIA SL,2022-11-08 18:00:00.000,2022-11-09 04:00:00.000,2022-11-09 02:42:00.000,2022-11-09 19:25:00.000
"39394",CMA CGM IBERICA SAU,2022-11-18 22:30:00.000,2022-11-19 17:00:00.000,2022-11-19 03:27:00.000,2022-11-19 23:25:00.000
"39417",CMA CGM IBERICA SAU,2022-11-26 01:00:00.000,2022-11-26 20:00:00.000,2022-11-26 04:34:00.000,2022-11-26 17:27:00.000
"39418",CMA CGM IBERICA SAU,2022-12-04 07:00:00.000,2022-12-05 02:00:00.000,2022-12-04 07:46:00.000,2022-12-04 19:52:00.000
"39419",CMA CGM IBERICA SAU,2022-12-09 19:00:00.000,2022-12-10 15:53:00.000,2022-12-10 15:51:00.000,2022-12-11 01:24:00.000
"39424",MARITIMA DEL MEDITERRANEO SA,2022-10-26 01:00:00.000,2022-10-26 20:00:00.000,2022-10-26 01:46:00.000,2022-10-26 15:48:00.000
"39427",MARITIMA DEL MEDITERRANEO SA,2022-11-29 05:00:00.000,2022-11-29 20:00:00.000,2022-11-29 07:23:00.000,2022-11-29 23:44:00.000
"39428",MEDITERRANEAN SHIPPING COM ESPANA S,2022-11-01 18:15:00.000,2022-11-02 12:30:00.000,2022-11-01 09:50:00.000,2022-11-02 02:14:00.000
"39430",MEDITERRANEAN SHIPPING COM ESPANA S,2022-11-13 18:30:00.000,2022-11-15 02:00:00.000,2022-11-13 18:07:00.000,2022-11-15 01:56:00.000
"39431",MEDITERRANEAN SHIPPING COM ESPANA S,2022-11-05 00:15:00.000,2022-11-08 20:00:00.000,2022-11-05 11:25:00.000,2022-11-09 10:46:00.000
"39433",MEDITERRANEAN SHIPPING COM ESPANA S,2022-11-06 00:15:00.000,2022-11-06 13:15:00.000,2022-11-06 00:45:00.000,2022-11-06 08:27:00.000
"39484",AGENCIA MARITIMA ESPANOLA EVGE SA,2022-11-10 12:00:00.000,2022-11-11 03:00:00.000,2022-11-10 11:24:00.000,2022-11-10 19:21:00.000
"39489",WEC LINES ESPANA SLU,2022-10-28 01:00:00.000,2022-10-28 23:00:00.000,2022-10-28 10:48:00.000,2022-10-29 02:07:00.000
"39498",HAPAG LLOYD SPAIN SL,2022-12-09 20:00:00.000,2022-12-13 13:00:00.000,2022-12-12 07:02:00.000,2022-12-14 08:13:00.000
"39501",HAPAG LLOYD SPAIN SL,2022-12-10 06:00:00.000,2022-12-11 08:00:00.000,2022-12-10 10:35:00.000,2022-12-10 21:59:00.000
"39502",ORIENT OVERSEAS CONTAINER LINE SPAI,2022-11-06 08:00:00.000,2022-11-08 20:00:00.000,2022-11-07 10:24:00.000,2022-11-08 13:25:00.000
"39554",CMA CGM IBERICA SAU,2022-11-10 23:00:00.000,2022-11-11 14:00:00.000,2022-11-11 00:20:00.000,2022-11-11 08:34:00.000
"39607",MARITIMA DEL MEDITERRANEO SA,2022-11-02 05:00:00.000,2022-11-02 20:00:00.000,2022-11-02 07:53:00.000,2022-11-02 22:14:00.000
"39611",CMA CGM IBERICA SAU,2022-12-17 19:00:00.000,2022-12-18 12:00:00.000,2022-12-17 20:00:00.000,2022-12-18 07:19:00.000
"39632",MARITIMA DEL MEDITERRANEO SA,2022-11-11 07:00:00.000,2022-11-11 23:00:00.000,2022-11-11 07:58:00.000,2022-11-11 22:15:00.000
"39636",MARITIMA DEL MEDITERRANEO SA,2022-11-09 12:00:00.000,2022-11-10 02:00:00.000,2022-11-09 12:33:00.000,2022-11-10 00:38:00.000
"39649",MEDITERRANEAN SHIPPING COM ESPANA S,2022-11-12 11:45:00.000,2022-11-13 07:45:00.000,2022-11-12 14:08:00.000,2022-11-13 07:45:00.000
"39650",MEDITERRANEAN SHIPPING COM ESPANA S,2022-11-11 18:15:00.000,2022-11-12 19:15:00.000,2022-11-11 17:10:00.000,2022-11-12 18:38:00.000
"39657",MEDITERRANEAN SHIPPING COM ESPANA S,2022-11-02 06:00:00.000,2022-11-02 14:45:00.000,2022-11-02 05:29:00.000,2022-11-02 15:35:00.000
"39746",WEC LINES ESPANA SLU,2022-11-04 01:00:00.000,2022-11-04 23:00:00.000,2022-11-04 16:23:00.000,2022-11-05 02:44:00.000
"39747",WEC LINES ESPANA SLU,2022-11-11 01:00:00.000,2022-11-11 23:00:00.000,2022-11-11 11:00:00.000,2022-11-12 03:22:00.000
"39766",MEDITERRANEAN SHIPPING COM ESPANA S,2022-11-18 12:30:00.000,2022-11-19 02:00:00.000,2022-11-18 13:11:00.000,2022-11-19 06:43:00.000
"39768",SOLUCIONES INTEGRALES MARITIMAS SLU,2022-11-02 08:00:00.000,2022-11-04 20:00:00.000,2022-11-02 07:10:00.000,2022-11-04 22:44:00.000
"39769",SOLUCIONES INTEGRALES MARITIMAS SLU,2022-11-09 08:00:00.000,2022-11-11 20:00:00.000,2022-11-09 08:29:00.000,2022-11-12 01:11:00.000
"39770",SOLUCIONES INTEGRALES MARITIMAS SLU,2022-11-16 08:00:00.000,2022-11-18 20:00:00.000,2022-11-16 07:26:00.000,2022-11-18 22:11:00.000
"39771",SOLUCIONES INTEGRALES MARITIMAS SLU,2022-11-23 08:00:00.000,2022-11-25 20:00:00.000,2022-11-23 06:44:00.000,2022-11-25 22:22:00.000
"39772",SOLUCIONES INTEGRALES MARITIMAS SLU,2022-11-30 08:00:00.000,2022-12-02 20:00:00.000,2022-11-30 07:24:00.000,2022-12-02 23:36:00.000
"39789",MEDITERRANEAN SHIPPING COM ESPANA S,2022-11-18 18:00:00.000,2022-11-19 23:00:00.000,2022-11-18 17:40:00.000,2022-11-20 01:59:00.000
"39793",MEDITERRANEAN SHIPPING COM ESPANA S,2022-11-20 18:30:00.000,2022-11-24 13:30:00.000,2022-11-20 17:18:00.000,2022-11-24 04:37:00.000
"39806",CMA CGM IBERICA SAU,2022-11-17 00:01:00.000,2022-11-17 08:00:00.000,2022-11-16 23:48:00.000,2022-11-17 08:18:00.000
"39812",MEDITERRANEAN SHIPPING COM ESPANA S,2022-11-27 06:00:00.000,2022-11-27 20:00:00.000,2022-11-27 11:31:00.000,2022-11-28 04:44:00.000
"39911",CMA CGM IBERICA SAU,2022-11-23 11:00:00.000,2022-11-23 22:00:00.000,2022-11-23 12:08:00.000,2022-11-23 20:32:00.000
"39929",MEDITERRANEAN SHIPPING COM ESPANA S,2022-11-25 06:00:00.000,2022-11-26 01:00:00.000,2022-11-25 06:50:00.000,2022-11-26 01:44:00.000
"39944",MARITIMA DEL MEDITERRANEO SA,2022-11-16 12:00:00.000,2022-11-17 02:00:00.000,2022-11-16 14:23:00.000,2022-11-17 01:21:00.000
"39945",MEDITERRANEAN SHIPPING COM ESPANA S,2022-11-21 05:30:00.000,2022-11-21 20:45:00.000,2022-11-21 09:34:00.000,2022-11-22 07:46:00.000
"39946",MEDITERRANEAN SHIPPING COM ESPANA S,2022-11-26 06:30:00.000,2022-11-27 02:30:00.000,2022-11-26 05:52:00.000,2022-11-27 02:42:00.000
"39947",MEDITERRANEAN SHIPPING COM ESPANA S,2022-11-26 18:00:00.000,2022-11-27 18:00:00.000,2022-11-26 18:19:00.000,2022-11-28 01:22:00.000
"39973",CMA CGM IBERICA SAU,2022-12-29 04:00:00.000,2022-12-31 08:00:00.000,2022-12-30 11:45:00.000,2023-01-01 03:21:00.000
"39976",CMA CGM IBERICA SAU,2022-11-17 18:00:00.000,2022-11-18 02:00:00.000,2022-11-17 19:47:00.000,2022-11-18 08:33:00.000
"40015",ANTILLAS SEA AGENCY SL,2022-11-24 20:00:00.000,2022-11-25 08:00:00.000,2022-11-24 21:57:00.000,2022-11-25 10:59:00.000
"40033",WEC LINES ESPANA SLU,2022-11-18 01:00:00.000,2022-11-18 23:00:00.000,2022-11-18 06:15:00.000,2022-11-19 02:20:00.000
"40034",WEC LINES ESPANA SLU,2022-11-25 01:00:00.000,2022-11-25 23:00:00.000,2022-11-25 10:33:00.000,2022-11-26 04:44:00.000
"40036",MEDITERRANEAN SHIPPING COM ESPANA S,2022-11-29 05:45:00.000,2022-11-30 05:45:00.000,2022-11-29 08:54:00.000,2022-11-30 15:46:00.000
"40037",MEDITERRANEAN SHIPPING COM ESPANA S,2022-11-30 00:45:00.000,2022-11-30 23:15:00.000,2022-11-30 06:59:00.000,2022-12-01 12:04:00.000
"40038",MEDITERRANEAN SHIPPING COM ESPANA S,2022-12-03 23:15:00.000,2022-12-07 02:15:00.000,2022-12-03 23:53:00.000,2022-12-08 02:57:00.000
"40087",MEDITERRANEAN SHIPPING COM ESPANA S,2022-12-06 06:15:00.000,2022-12-06 20:15:00.000,2022-12-06 14:22:00.000,2022-12-07 08:27:00.000
"40092",CMA CGM IBERICA SAU,2022-12-01 05:00:00.000,2022-12-01 15:00:00.000,2022-12-01 10:08:00.000,2022-12-01 20:31:00.000
"40099",MARITIMA DEL MEDITERRANEO SA,2022-11-23 01:00:00.000,2022-11-23 20:00:00.000,2022-11-23 00:36:00.000,2022-11-23 22:26:00.000
"40124",MEDITERRANEAN SHIPPING COM ESPANA S,2022-12-03 00:30:00.000,2022-12-04 00:30:00.000,2022-12-03 00:58:00.000,2022-12-03 21:34:00.000
"40171",MEDITERRANEAN SHIPPING COM ESPANA S,2022-11-24 00:00:00.000,2022-11-24 19:15:00.000,2022-11-24 00:06:00.000,2022-11-25 01:45:00.000
"40236",MEDITERRANEAN SHIPPING COM ESPANA S,2022-12-04 00:00:00.000,2022-12-04 20:00:00.000,2022-12-04 06:52:00.000,2022-12-05 00:57:00.000
"40237",MEDITERRANEAN SHIPPING COM ESPANA S,2022-12-06 06:15:00.000,2022-12-07 01:00:00.000,2022-12-06 10:09:00.000,2022-12-07 00:06:00.000
"40243",CMA CGM IBERICA SAU,2022-12-08 14:00:00.000,2022-12-09 08:00:00.000,2022-12-07 19:13:00.000,2022-12-09 08:00:00.000
"40244",MARITIMA DEL MEDITERRANEO SA,2022-11-30 02:00:00.000,2022-11-30 14:00:00.000,2022-11-30 00:50:00.000,2022-11-30 13:16:00.000
"40246",MARITIMA DEL MEDITERRANEO SA,2022-11-29 17:00:00.000,2022-11-30 14:00:00.000,2022-11-29 16:32:00.000,2022-11-30 05:09:00.000
"40287",CMA CGM IBERICA SAU,2022-12-18 06:00:00.000,2022-12-18 22:00:00.000,2022-12-18 08:41:00.000,2022-12-19 02:34:00.000
"40290",MEDITERRANEAN SHIPPING COM ESPANA S,2022-12-04 00:13:00.000,2022-12-04 21:51:00.000,2022-12-04 10:12:00.000,2022-12-05 05:30:00.000
"40292",MEDITERRANEAN SHIPPING COM ESPANA S,2022-12-05 18:00:00.000,2022-12-06 08:00:00.000,2022-12-06 00:40:00.000,2022-12-06 08:45:00.000
"40293",MEDITERRANEAN SHIPPING COM ESPANA S,2022-12-20 06:00:00.000,2022-12-20 23:50:00.000,2022-12-20 05:22:00.000,2022-12-21 02:36:00.000
"40295",MEDITERRANEAN SHIPPING COM ESPANA S,2022-12-11 11:45:00.000,2022-12-12 08:00:00.000,2022-12-11 15:07:00.000,2022-12-12 09:07:00.000
"40297",MEDITERRANEAN SHIPPING COM ESPANA S,2022-12-10 18:00:00.000,2022-12-11 13:00:00.000,2022-12-11 00:17:00.000,2022-12-11 17:54:00.000
"40298",MEDITERRANEAN SHIPPING COM ESPANA S,2022-12-15 00:00:00.000,2022-12-15 12:30:00.000,2022-12-15 02:43:00.000,2022-12-15 23:09:00.000
"40301",MEDITERRANEAN SHIPPING COM ESPANA S,2022-12-08 18:00:00.000,2022-12-12 14:45:00.000,2022-12-09 02:53:00.000,2022-12-13 07:32:00.000
"40411",MARITIMA DEL MEDITERRANEO SA,2022-12-06 23:00:00.000,2022-12-07 14:00:00.000,2022-12-07 10:57:00.000,2022-12-07 20:16:00.000
"40415",WEC LINES ESPANA SLU,2022-12-02 01:00:00.000,2022-12-02 23:00:00.000,2022-12-02 05:42:00.000,2022-12-03 03:08:00.000
"40416",WEC LINES ESPANA SLU,2022-12-09 01:00:00.000,2022-12-09 23:00:00.000,2022-12-08 19:03:00.000,2022-12-10 02:28:00.000
"40442",CMA CGM IBERICA SAU,2022-12-14 06:00:00.000,2022-12-14 17:57:00.000,2022-12-14 06:10:00.000,2022-12-15 00:59:00.000
"40460",MEDITERRANEAN SHIPPING COM ESPANA S,2022-12-14 00:15:00.000,2022-12-17 07:30:00.000,2022-12-14 09:38:00.000,2022-12-17 03:38:00.000
"40461",MEDITERRANEAN SHIPPING COM ESPANA S,2022-12-21 00:00:00.000,2022-12-22 07:15:00.000,2022-12-20 22:38:00.000,2022-12-22 10:39:00.000
"40462",MEDITERRANEAN SHIPPING COM ESPANA S,2022-12-16 06:00:00.000,2022-12-16 18:15:00.000,2022-12-16 07:20:00.000,2022-12-16 20:34:00.000
"40521",MEDITERRANEAN SHIPPING COM ESPANA S,2022-12-11 06:00:00.000,2022-12-11 20:00:00.000,2022-12-11 19:42:00.000,2022-12-12 05:24:00.000
"40523",MEDITERRANEAN SHIPPING COM ESPANA S,2022-12-20 05:00:00.000,2022-12-22 07:15:00.000,2022-12-20 08:47:00.000,2022-12-22 02:03:00.000
"40527",ORIENT OVERSEAS CONTAINER LINE SPAI,2022-12-17 20:00:00.000,2022-12-19 06:00:00.000,2022-12-17 22:54:00.000,2022-12-19 11:14:00.000
"40556",CMA CGM IBERICA SAU,2022-12-05 00:30:00.000,2022-12-05 06:28:00.000,2022-12-05 06:26:00.000,2022-12-05 15:41:00.000
"40592",SOLUCIONES INTEGRALES MARITIMAS SLU,2022-12-07 08:00:00.000,2022-12-09 20:00:00.000,2022-12-07 06:22:00.000,2022-12-10 01:58:00.000
"40603",SOLUCIONES INTEGRALES MARITIMAS SLU,2022-12-14 08:00:00.000,2022-12-16 20:00:00.000,2022-12-14 08:36:00.000,2022-12-17 01:06:00.000
"40636",MEDITERRANEAN SHIPPING COM ESPANA S,2022-12-19 00:15:00.000,2022-12-19 13:45:00.000,2022-12-18 23:14:00.000,2022-12-19 15:48:00.000
"40658",MARITIMA DEL MEDITERRANEO SA,2022-12-14 08:00:00.000,2022-12-15 08:00:00.000,2022-12-14 07:21:00.000,2022-12-14 16:46:00.000
"40739",MEDITERRANEAN SHIPPING COM ESPANA S,2022-12-25 06:15:00.000,2022-12-27 13:30:00.000,2022-12-26 05:06:00.000,2022-12-27 22:18:00.000
"40773",MARITIMA DEL MEDITERRANEO SA,2022-12-14 00:01:00.000,2022-12-14 14:00:00.000,2022-12-14 04:35:00.000,2022-12-14 14:12:00.000
"40813",WEC LINES ESPANA SLU,2022-12-16 01:00:00.000,2022-12-16 23:00:00.000,2022-12-16 10:34:00.000,2022-12-17 01:40:00.000
"40950",MEDITERRANEAN SHIPPING COM ESPANA S,2022-12-27 00:15:00.000,2022-12-27 13:15:00.000,2022-12-27 04:35:00.000,2022-12-27 14:36:00.000
"40990",MARITIMA DEL MEDITERRANEO SA,2022-12-21 18:00:00.000,2022-12-22 08:00:00.000,2022-12-22 00:17:00.000,2022-12-22 12:06:00.000
"41184",MARITIMA DEL MEDITERRANEO SA,2022-12-29 12:00:00.000,2022-12-30 02:00:00.000,2022-12-29 13:36:00.000,2022-12-30 10:06:00.000
